--
-- PostgreSQL database dump
--

SET statement_timeout = 0;
SET client_encoding = 'UTF8';
SET standard_conforming_strings = on;
SET check_function_bodies = false;
SET client_min_messages = warning;

SET search_path = system, pg_catalog;

--
-- Data for Name: appgroup; Type: TABLE DATA; Schema: system; Owner: postgres
--

SET SESSION AUTHORIZATION DEFAULT;

ALTER TABLE appgroup DISABLE TRIGGER ALL;

INSERT INTO appgroup (id, name, description) VALUES ('super-group-id', 'Super group', 'This is a group of users that has right in anything. It is used in developement. In production must be removed.');
INSERT INTO appgroup (id, name, description) VALUES ('ff94bfad-7079-41ea-bf4b-6962e36cad1f', 'Test Classifications', NULL);
INSERT INTO appgroup (id, name, description) VALUES ('admin-group-id', 'Administrator', 'This is a user who has the rights to virtually every aspect of the SOLA System');
INSERT INTO appgroup (id, name, description) VALUES ('oarg-group-id', 'OARG', 'This group is meant to used for oarg-group-id');
INSERT INTO appgroup (id, name, description) VALUES ('charting-group-id', 'Charting', 'This group is meant to used for charting-group-id Office/Officers');
INSERT INTO appgroup (id, name, description) VALUES ('secretary-group-id', 'Secretary', 'This group is meant to used for Regis-group-idtry');
INSERT INTO appgroup (id, name, description) VALUES ('director-group-id', 'Director', 'This group is meant to used for director-group-id of Surveys and Lands');
INSERT INTO appgroup (id, name, description) VALUES ('finance-group-id', 'Finance', 'This group is meant to used for finance-group-id');
INSERT INTO appgroup (id, name, description) VALUES ('snr-mgmt-group-id', 'Senior Management', 'This group is meant to used for users who only view the system and do not really have rights to make modifications');
INSERT INTO appgroup (id, name, description) VALUES ('gis-group-id', 'GIS', 'This group is meant to used for the gis-group-id department who oversee the system and do not make modifications');
INSERT INTO appgroup (id, name, description) VALUES ('clearance-group-id', 'Clearance State', 'This group is meant to used for the clearance-group-id department who complete the service if no state land');


ALTER TABLE appgroup ENABLE TRIGGER ALL;

--
-- Data for Name: approle_appgroup; Type: TABLE DATA; Schema: system; Owner: postgres
--

ALTER TABLE approle_appgroup DISABLE TRIGGER ALL;

INSERT INTO approle_appgroup (approle_code, appgroup_id, rowidentifier, rowversion, change_action, change_user, change_time) VALUES ('ApplnEdit', 'super-group-id', 'be35b284-99dd-11e3-8e17-1b1ace45a197', 1, 'i', 'db:postgres', '2014-02-20 16:19:00.912');
INSERT INTO approle_appgroup (approle_code, appgroup_id, rowidentifier, rowversion, change_action, change_user, change_time) VALUES ('SourceSave', 'super-group-id', 'be37ae5e-99dd-11e3-ab3e-0fdfb55fc8f9', 1, 'i', 'db:postgres', '2014-02-20 16:19:00.912');
INSERT INTO approle_appgroup (approle_code, appgroup_id, rowidentifier, rowversion, change_action, change_user, change_time) VALUES ('RHSave', 'super-group-id', 'be37fc7e-99dd-11e3-9f1f-3b8feb1de6e3', 1, 'i', 'db:postgres', '2014-02-20 16:19:00.912');
INSERT INTO approle_appgroup (approle_code, appgroup_id, rowidentifier, rowversion, change_action, change_user, change_time) VALUES ('BaunitSave', 'super-group-id', 'be384a9e-99dd-11e3-ab5c-5bc965cc7e7a', 1, 'i', 'db:postgres', '2014-02-20 16:19:00.912');
INSERT INTO approle_appgroup (approle_code, appgroup_id, rowidentifier, rowversion, change_action, change_user, change_time) VALUES ('newDigitalTitle', 'super-group-id', 'be3871ae-99dd-11e3-81f3-03c2ac371b43', 1, 'i', 'db:postgres', '2014-02-20 16:19:00.912');
INSERT INTO approle_appgroup (approle_code, appgroup_id, rowidentifier, rowversion, change_action, change_user, change_time) VALUES ('ApplnView', 'super-group-id', 'be38bfce-99dd-11e3-83a5-cf3409079481', 1, 'i', 'db:postgres', '2014-02-20 16:19:00.912');
INSERT INTO approle_appgroup (approle_code, appgroup_id, rowidentifier, rowversion, change_action, change_user, change_time) VALUES ('ApplnUnassignOthers', 'super-group-id', 'be38e6de-99dd-11e3-95bd-9770ac5860df', 1, 'i', 'db:postgres', '2014-02-20 16:19:00.912');
INSERT INTO approle_appgroup (approle_code, appgroup_id, rowidentifier, rowversion, change_action, change_user, change_time) VALUES ('ApplnDispatch', 'super-group-id', 'be390dee-99dd-11e3-8363-2be6343e5ee2', 1, 'i', 'db:postgres', '2014-02-20 16:19:00.912');
INSERT INTO approle_appgroup (approle_code, appgroup_id, rowidentifier, rowversion, change_action, change_user, change_time) VALUES ('SourceSearch', 'super-group-id', 'be3934fe-99dd-11e3-81e6-ff925fc58f63', 1, 'i', 'db:postgres', '2014-02-20 16:19:00.912');
INSERT INTO approle_appgroup (approle_code, appgroup_id, rowidentifier, rowversion, change_action, change_user, change_time) VALUES ('ParcelSave', 'super-group-id', 'be395c0e-99dd-11e3-95ce-0f471bdd1a3c', 1, 'i', 'db:postgres', '2014-02-20 16:19:00.912');
INSERT INTO approle_appgroup (approle_code, appgroup_id, rowidentifier, rowversion, change_action, change_user, change_time) VALUES ('PartySave', 'super-group-id', 'be398328-99dd-11e3-ba89-739b74f32793', 1, 'i', 'db:postgres', '2014-02-20 16:19:00.912');
INSERT INTO approle_appgroup (approle_code, appgroup_id, rowidentifier, rowversion, change_action, change_user, change_time) VALUES ('cadastrePrint', 'super-group-id', 'be39aa38-99dd-11e3-9048-371578945fa5', 1, 'i', 'db:postgres', '2014-02-20 16:19:00.912');
INSERT INTO approle_appgroup (approle_code, appgroup_id, rowidentifier, rowversion, change_action, change_user, change_time) VALUES ('newOwnership', 'super-group-id', 'be39d148-99dd-11e3-97f9-d7ceb07710ef', 1, 'i', 'db:postgres', '2014-02-20 16:19:00.912');
INSERT INTO approle_appgroup (approle_code, appgroup_id, rowidentifier, rowversion, change_action, change_user, change_time) VALUES ('documentCopy', 'super-group-id', 'be39d148-99dd-11e3-8579-e3b27f46e726', 1, 'i', 'db:postgres', '2014-02-20 16:19:00.912');
INSERT INTO approle_appgroup (approle_code, appgroup_id, rowidentifier, rowversion, change_action, change_user, change_time) VALUES ('varyLease', 'super-group-id', 'be39f858-99dd-11e3-a111-ef4dca888f7e', 1, 'i', 'db:postgres', '2014-02-20 16:19:00.912');
INSERT INTO approle_appgroup (approle_code, appgroup_id, rowidentifier, rowversion, change_action, change_user, change_time) VALUES ('RightsExport', 'super-group-id', 'be3a1f68-99dd-11e3-96c8-6bb4cf2d8e4c', 1, 'i', 'db:postgres', '2014-02-20 16:19:00.912');
INSERT INTO approle_appgroup (approle_code, appgroup_id, rowidentifier, rowversion, change_action, change_user, change_time) VALUES ('ApplnUnassignSelf', 'super-group-id', 'be3a4678-99dd-11e3-abb5-d7c1555810bb', 1, 'i', 'db:postgres', '2014-02-20 16:19:00.912');
INSERT INTO approle_appgroup (approle_code, appgroup_id, rowidentifier, rowversion, change_action, change_user, change_time) VALUES ('SourcePrint', 'super-group-id', 'be3a6d88-99dd-11e3-a714-9348875b49ba', 1, 'i', 'db:postgres', '2014-02-20 16:19:00.912');
INSERT INTO approle_appgroup (approle_code, appgroup_id, rowidentifier, rowversion, change_action, change_user, change_time) VALUES ('ExportMap', 'super-group-id', 'be3a9498-99dd-11e3-be27-277f11e0107e', 1, 'i', 'db:postgres', '2014-02-20 16:19:00.912');
INSERT INTO approle_appgroup (approle_code, appgroup_id, rowidentifier, rowversion, change_action, change_user, change_time) VALUES ('BaunitSearch', 'super-group-id', 'be3abba8-99dd-11e3-9497-3b28e1959885', 1, 'i', 'db:postgres', '2014-02-20 16:19:00.912');
INSERT INTO approle_appgroup (approle_code, appgroup_id, rowidentifier, rowversion, change_action, change_user, change_time) VALUES ('newFreehold', 'super-group-id', 'be3ae2b8-99dd-11e3-97e6-8f45a4d555f9', 1, 'i', 'db:postgres', '2014-02-20 16:19:00.912');
INSERT INTO approle_appgroup (approle_code, appgroup_id, rowidentifier, rowversion, change_action, change_user, change_time) VALUES ('ManageBR', 'super-group-id', 'be3b09c8-99dd-11e3-beaf-0f51942e145e', 1, 'i', 'db:postgres', '2014-02-20 16:19:00.912');
INSERT INTO approle_appgroup (approle_code, appgroup_id, rowidentifier, rowversion, change_action, change_user, change_time) VALUES ('ViewMap', 'super-group-id', 'be3b30d8-99dd-11e3-b151-43f166b2f9ca', 1, 'i', 'db:postgres', '2014-02-20 16:19:00.912');
INSERT INTO approle_appgroup (approle_code, appgroup_id, rowidentifier, rowversion, change_action, change_user, change_time) VALUES ('lodgeObjection', 'super-group-id', 'be3b30d8-99dd-11e3-9a92-934c3732f30b', 1, 'i', 'db:postgres', '2014-02-20 16:19:00.912');
INSERT INTO approle_appgroup (approle_code, appgroup_id, rowidentifier, rowversion, change_action, change_user, change_time) VALUES ('servitude', 'super-group-id', 'be3b57e8-99dd-11e3-8561-43f3abce7cf9', 1, 'i', 'db:postgres', '2014-02-20 16:19:00.912');
INSERT INTO approle_appgroup (approle_code, appgroup_id, rowidentifier, rowversion, change_action, change_user, change_time) VALUES ('PartySearch', 'super-group-id', 'be3b7ef8-99dd-11e3-ad3d-efd661357772', 1, 'i', 'db:postgres', '2014-02-20 16:19:00.912');
INSERT INTO approle_appgroup (approle_code, appgroup_id, rowidentifier, rowversion, change_action, change_user, change_time) VALUES ('historicOrder', 'super-group-id', 'be3ba608-99dd-11e3-9afc-5329cffa47ae', 1, 'i', 'db:postgres', '2014-02-20 16:19:00.912');
INSERT INTO approle_appgroup (approle_code, appgroup_id, rowidentifier, rowversion, change_action, change_user, change_time) VALUES ('systematicRegn', 'super-group-id', 'be3bcd18-99dd-11e3-9b02-bf0ac4a794c8', 1, 'i', 'db:postgres', '2014-02-20 16:19:00.912');
INSERT INTO approle_appgroup (approle_code, appgroup_id, rowidentifier, rowversion, change_action, change_user, change_time) VALUES ('removeRestriction', 'super-group-id', 'be3bf428-99dd-11e3-819e-37f517b49261', 1, 'i', 'db:postgres', '2014-02-20 16:19:00.912');
INSERT INTO approle_appgroup (approle_code, appgroup_id, rowidentifier, rowversion, change_action, change_user, change_time) VALUES ('ApplnResubmit', 'super-group-id', 'be3c1b38-99dd-11e3-805e-0b401e2c096e', 1, 'i', 'db:postgres', '2014-02-20 16:19:00.912');
INSERT INTO approle_appgroup (approle_code, appgroup_id, rowidentifier, rowversion, change_action, change_user, change_time) VALUES ('ApplnCreate', 'super-group-id', 'be3c1b38-99dd-11e3-a16d-ab5abc6b4a8d', 1, 'i', 'db:postgres', '2014-02-20 16:19:00.912');
INSERT INTO approle_appgroup (approle_code, appgroup_id, rowidentifier, rowversion, change_action, change_user, change_time) VALUES ('mortgage', 'super-group-id', 'be3c4252-99dd-11e3-a5ff-3be2b662f009', 1, 'i', 'db:postgres', '2014-02-20 16:19:00.912');
INSERT INTO approle_appgroup (approle_code, appgroup_id, rowidentifier, rowversion, change_action, change_user, change_time) VALUES ('registerLease', 'super-group-id', 'be3c6962-99dd-11e3-962f-8b5c1490d936', 1, 'i', 'db:postgres', '2014-02-20 16:19:00.912');
INSERT INTO approle_appgroup (approle_code, appgroup_id, rowidentifier, rowversion, change_action, change_user, change_time) VALUES ('caveat', 'super-group-id', 'be3c9072-99dd-11e3-88f9-f7819f3e21c9', 1, 'i', 'db:postgres', '2014-02-20 16:19:00.912');
INSERT INTO approle_appgroup (approle_code, appgroup_id, rowidentifier, rowversion, change_action, change_user, change_time) VALUES ('removeCaveat', 'super-group-id', 'be3cb782-99dd-11e3-acea-eb6c66630d07', 1, 'i', 'db:postgres', '2014-02-20 16:19:00.912');
INSERT INTO approle_appgroup (approle_code, appgroup_id, rowidentifier, rowversion, change_action, change_user, change_time) VALUES ('surveyPlanCopy', 'super-group-id', 'be3cde92-99dd-11e3-ac4a-4327f6ee3548', 1, 'i', 'db:postgres', '2014-02-20 16:19:00.912');
INSERT INTO approle_appgroup (approle_code, appgroup_id, rowidentifier, rowversion, change_action, change_user, change_time) VALUES ('varyMortgage', 'super-group-id', 'be3d05a2-99dd-11e3-8f6c-abe0810450dc', 1, 'i', 'db:postgres', '2014-02-20 16:19:00.912');
INSERT INTO approle_appgroup (approle_code, appgroup_id, rowidentifier, rowversion, change_action, change_user, change_time) VALUES ('varyCaveat', 'super-group-id', 'be3d2cb2-99dd-11e3-b77f-1366b7b48653', 1, 'i', 'db:postgres', '2014-02-20 16:19:00.912');
INSERT INTO approle_appgroup (approle_code, appgroup_id, rowidentifier, rowversion, change_action, change_user, change_time) VALUES ('CompleteService', 'super-group-id', 'be3d53c2-99dd-11e3-ada1-effcd3498be7', 1, 'i', 'db:postgres', '2014-02-20 16:19:00.912');
INSERT INTO approle_appgroup (approle_code, appgroup_id, rowidentifier, rowversion, change_action, change_user, change_time) VALUES ('CancelService', 'super-group-id', 'be3d53c2-99dd-11e3-a168-3fa78ed19d05', 1, 'i', 'db:postgres', '2014-02-20 16:19:00.912');
INSERT INTO approle_appgroup (approle_code, appgroup_id, rowidentifier, rowversion, change_action, change_user, change_time) VALUES ('ApplnValidate', 'super-group-id', 'be3d7ad2-99dd-11e3-8338-2ff182201c03', 1, 'i', 'db:postgres', '2014-02-20 16:19:00.912');
INSERT INTO approle_appgroup (approle_code, appgroup_id, rowidentifier, rowversion, change_action, change_user, change_time) VALUES ('redefineCadastre', 'super-group-id', 'be3da1e2-99dd-11e3-9160-d786dc2dff87', 1, 'i', 'db:postgres', '2014-02-20 16:19:00.912');
INSERT INTO approle_appgroup (approle_code, appgroup_id, rowidentifier, rowversion, change_action, change_user, change_time) VALUES ('serviceEnquiry', 'super-group-id', 'be3dc8f2-99dd-11e3-8615-7f3225f9eb04', 1, 'i', 'db:postgres', '2014-02-20 16:19:00.912');
INSERT INTO approle_appgroup (approle_code, appgroup_id, rowidentifier, rowversion, change_action, change_user, change_time) VALUES ('RevertService', 'super-group-id', 'be3df002-99dd-11e3-86a8-230b6eaa7982', 1, 'i', 'db:postgres', '2014-02-20 16:19:00.912');
INSERT INTO approle_appgroup (approle_code, appgroup_id, rowidentifier, rowversion, change_action, change_user, change_time) VALUES ('NoPasswordExpiry', 'super-group-id', 'be3e1712-99dd-11e3-9b9a-cbc46ce463f0', 1, 'i', 'db:postgres', '2014-02-20 16:19:00.912');
INSERT INTO approle_appgroup (approle_code, appgroup_id, rowidentifier, rowversion, change_action, change_user, change_time) VALUES ('ApplnAssignOthers', 'super-group-id', 'be3e3e22-99dd-11e3-8989-b767ea63704b', 1, 'i', 'db:postgres', '2014-02-20 16:19:00.912');
INSERT INTO approle_appgroup (approle_code, appgroup_id, rowidentifier, rowversion, change_action, change_user, change_time) VALUES ('ApplnWithdraw', 'super-group-id', 'be3e6532-99dd-11e3-b643-c361a16efeb4', 1, 'i', 'db:postgres', '2014-02-20 16:19:00.912');
INSERT INTO approle_appgroup (approle_code, appgroup_id, rowidentifier, rowversion, change_action, change_user, change_time) VALUES ('titleSearch', 'super-group-id', 'be3e8c42-99dd-11e3-bba8-8f1f78a9e134', 1, 'i', 'db:postgres', '2014-02-20 16:19:00.912');
INSERT INTO approle_appgroup (approle_code, appgroup_id, rowidentifier, rowversion, change_action, change_user, change_time) VALUES ('ApplnReject', 'super-group-id', 'be3eb352-99dd-11e3-926a-6f8ea6c64eef', 1, 'i', 'db:postgres', '2014-02-20 16:19:00.912');
INSERT INTO approle_appgroup (approle_code, appgroup_id, rowidentifier, rowversion, change_action, change_user, change_time) VALUES ('DashbrdViewUnassign', 'super-group-id', 'be3eda6c-99dd-11e3-95ec-efecd21e6657', 1, 'i', 'db:postgres', '2014-02-20 16:19:00.912');
INSERT INTO approle_appgroup (approle_code, appgroup_id, rowidentifier, rowversion, change_action, change_user, change_time) VALUES ('PrintMap', 'super-group-id', 'be3f017c-99dd-11e3-97c5-2343e89a91c3', 1, 'i', 'db:postgres', '2014-02-20 16:19:00.912');
INSERT INTO approle_appgroup (approle_code, appgroup_id, rowidentifier, rowversion, change_action, change_user, change_time) VALUES ('BaunitCertificate', 'super-group-id', 'be3f017c-99dd-11e3-ae1e-6ff2de66ec9d', 1, 'i', 'db:postgres', '2014-02-20 16:19:00.912');
INSERT INTO approle_appgroup (approle_code, appgroup_id, rowidentifier, rowversion, change_action, change_user, change_time) VALUES ('ReportGenerate', 'super-group-id', 'be3f288c-99dd-11e3-afbf-bb2050e5ef22', 1, 'i', 'db:postgres', '2014-02-20 16:19:00.912');
INSERT INTO approle_appgroup (approle_code, appgroup_id, rowidentifier, rowversion, change_action, change_user, change_time) VALUES ('regnOnTitle', 'super-group-id', 'be3f4f9c-99dd-11e3-903d-0bc1819ef2ed', 1, 'i', 'db:postgres', '2014-02-20 16:19:00.912');
INSERT INTO approle_appgroup (approle_code, appgroup_id, rowidentifier, rowversion, change_action, change_user, change_time) VALUES ('varyRight', 'super-group-id', 'be3f76ac-99dd-11e3-96e1-9772426317d5', 1, 'i', 'db:postgres', '2014-02-20 16:19:00.912');
INSERT INTO approle_appgroup (approle_code, appgroup_id, rowidentifier, rowversion, change_action, change_user, change_time) VALUES ('cnclStandardDocument', 'super-group-id', 'be3f9dbc-99dd-11e3-89bc-bb43e7d2b169', 1, 'i', 'db:postgres', '2014-02-20 16:19:00.912');
INSERT INTO approle_appgroup (approle_code, appgroup_id, rowidentifier, rowversion, change_action, change_user, change_time) VALUES ('ManageSettings', 'super-group-id', 'be3fc4cc-99dd-11e3-86a1-27716dc68756', 1, 'i', 'db:postgres', '2014-02-20 16:19:00.912');
INSERT INTO approle_appgroup (approle_code, appgroup_id, rowidentifier, rowversion, change_action, change_user, change_time) VALUES ('ManageSecurity', 'super-group-id', 'be3febdc-99dd-11e3-8812-fb80415cc5a5', 1, 'i', 'db:postgres', '2014-02-20 16:19:00.912');
INSERT INTO approle_appgroup (approle_code, appgroup_id, rowidentifier, rowversion, change_action, change_user, change_time) VALUES ('ApplnAssignSelf', 'super-group-id', 'be4012ec-99dd-11e3-9f72-a32cce304e5b', 1, 'i', 'db:postgres', '2014-02-20 16:19:00.912');
INSERT INTO approle_appgroup (approle_code, appgroup_id, rowidentifier, rowversion, change_action, change_user, change_time) VALUES ('ApplnStatus', 'super-group-id', 'be4039fc-99dd-11e3-92ff-17ecc5e3855e', 1, 'i', 'db:postgres', '2014-02-20 16:19:00.912');
INSERT INTO approle_appgroup (approle_code, appgroup_id, rowidentifier, rowversion, change_action, change_user, change_time) VALUES ('ApplnRequisition', 'super-group-id', 'be40610c-99dd-11e3-8e4e-b3c0181d3a97', 1, 'i', 'db:postgres', '2014-02-20 16:19:00.912');
INSERT INTO approle_appgroup (approle_code, appgroup_id, rowidentifier, rowversion, change_action, change_user, change_time) VALUES ('BulkApplication', 'super-group-id', 'be40881c-99dd-11e3-a60a-7b88b2957043', 1, 'i', 'db:postgres', '2014-02-20 16:19:00.912');
INSERT INTO approle_appgroup (approle_code, appgroup_id, rowidentifier, rowversion, change_action, change_user, change_time) VALUES ('TransactionCommit', 'super-group-id', 'be40af2c-99dd-11e3-9f22-8b245d4b3256', 1, 'i', 'db:postgres', '2014-02-20 16:19:00.912');
INSERT INTO approle_appgroup (approle_code, appgroup_id, rowidentifier, rowversion, change_action, change_user, change_time) VALUES ('cnclPowerOfAttorney', 'super-group-id', 'be40af2c-99dd-11e3-8c37-4f56ce8d45a1', 1, 'i', 'db:postgres', '2014-02-20 16:19:00.912');
INSERT INTO approle_appgroup (approle_code, appgroup_id, rowidentifier, rowversion, change_action, change_user, change_time) VALUES ('cadastreChange', 'super-group-id', 'be40d63c-99dd-11e3-8e45-23e1aa859527', 1, 'i', 'db:postgres', '2014-02-20 16:19:00.912');
INSERT INTO approle_appgroup (approle_code, appgroup_id, rowidentifier, rowversion, change_action, change_user, change_time) VALUES ('newApartment', 'super-group-id', 'be40fd4c-99dd-11e3-ae3c-c3b670bfbb5a', 1, 'i', 'db:postgres', '2014-02-20 16:19:00.912');
INSERT INTO approle_appgroup (approle_code, appgroup_id, rowidentifier, rowversion, change_action, change_user, change_time) VALUES ('regnStandardDocument', 'super-group-id', 'be41245c-99dd-11e3-951c-b709155504de', 1, 'i', 'db:postgres', '2014-02-20 16:19:00.912');
INSERT INTO approle_appgroup (approle_code, appgroup_id, rowidentifier, rowversion, change_action, change_user, change_time) VALUES ('ApplnArchive', 'super-group-id', 'be414b6c-99dd-11e3-a7fb-c75a5ebcd52e', 1, 'i', 'db:postgres', '2014-02-20 16:19:00.912');
INSERT INTO approle_appgroup (approle_code, appgroup_id, rowidentifier, rowversion, change_action, change_user, change_time) VALUES ('removeRight', 'super-group-id', 'be41727c-99dd-11e3-9e32-7f2f12b3024f', 1, 'i', 'db:postgres', '2014-02-20 16:19:00.912');
INSERT INTO approle_appgroup (approle_code, appgroup_id, rowidentifier, rowversion, change_action, change_user, change_time) VALUES ('ChangePassword', 'super-group-id', 'be419996-99dd-11e3-8b35-77b8c207d13b', 1, 'i', 'db:postgres', '2014-02-20 16:19:00.912');
INSERT INTO approle_appgroup (approle_code, appgroup_id, rowidentifier, rowversion, change_action, change_user, change_time) VALUES ('ManageRefdata', 'super-group-id', 'be419996-99dd-11e3-8513-a728bd470770', 1, 'i', 'db:postgres', '2014-02-20 16:19:00.912');
INSERT INTO approle_appgroup (approle_code, appgroup_id, rowidentifier, rowversion, change_action, change_user, change_time) VALUES ('StartService', 'super-group-id', 'be41c0a6-99dd-11e3-91e8-8b58f4dc2c3b', 1, 'i', 'db:postgres', '2014-02-20 16:19:00.912');
INSERT INTO approle_appgroup (approle_code, appgroup_id, rowidentifier, rowversion, change_action, change_user, change_time) VALUES ('mapExistingParcel', 'super-group-id', 'be41e7b6-99dd-11e3-9434-17054171bef3', 1, 'i', 'db:postgres', '2014-02-20 16:19:00.912');
INSERT INTO approle_appgroup (approle_code, appgroup_id, rowidentifier, rowversion, change_action, change_user, change_time) VALUES ('DashbrdViewAssign', 'super-group-id', 'be420ec6-99dd-11e3-b09c-5fdcbfb92dfd', 1, 'i', 'db:postgres', '2014-02-20 16:19:00.912');
INSERT INTO approle_appgroup (approle_code, appgroup_id, rowidentifier, rowversion, change_action, change_user, change_time) VALUES ('cancelProperty', 'super-group-id', 'be4235d6-99dd-11e3-ae6d-6f328598a436', 1, 'i', 'db:postgres', '2014-02-20 16:19:00.912');
INSERT INTO approle_appgroup (approle_code, appgroup_id, rowidentifier, rowversion, change_action, change_user, change_time) VALUES ('buildingRestriction', 'super-group-id', 'be425ce6-99dd-11e3-b3af-bf0ad2e1eafe', 1, 'i', 'db:postgres', '2014-02-20 16:19:00.912');
INSERT INTO approle_appgroup (approle_code, appgroup_id, rowidentifier, rowversion, change_action, change_user, change_time) VALUES ('limtedRoadAccess', 'super-group-id', 'be4283f6-99dd-11e3-9a44-931a6bb6ee32', 1, 'i', 'db:postgres', '2014-02-20 16:19:00.912');
INSERT INTO approle_appgroup (approle_code, appgroup_id, rowidentifier, rowversion, change_action, change_user, change_time) VALUES ('regnPowerOfAttorney', 'super-group-id', 'be42ab06-99dd-11e3-b30b-1f8b47e0d5ff', 1, 'i', 'db:postgres', '2014-02-20 16:19:00.912');
INSERT INTO approle_appgroup (approle_code, appgroup_id, rowidentifier, rowversion, change_action, change_user, change_time) VALUES ('ApplnApprove', 'super-group-id', 'be42d216-99dd-11e3-919f-57cc413df0e7', 1, 'i', 'db:postgres', '2014-02-20 16:19:00.912');
INSERT INTO approle_appgroup (approle_code, appgroup_id, rowidentifier, rowversion, change_action, change_user, change_time) VALUES ('consolidationExt', 'super-group-id', 'be42f926-99dd-11e3-9c66-1bba97c850af', 1, 'i', 'db:postgres', '2014-02-20 16:19:00.912');
INSERT INTO approle_appgroup (approle_code, appgroup_id, rowidentifier, rowversion, change_action, change_user, change_time) VALUES ('consolidationCons', 'super-group-id', 'be432036-99dd-11e3-a806-e3af0fb1848a', 1, 'i', 'db:postgres', '2014-02-20 16:19:00.912');
INSERT INTO approle_appgroup (approle_code, appgroup_id, rowidentifier, rowversion, change_action, change_user, change_time) VALUES ('ApplnTransfer', 'super-group-id', '3b198aa0-418b-11e4-b58e-d3d7bce06a55', 1, 'i', 'db:postgres', '2014-09-21 14:31:37.565');
INSERT INTO approle_appgroup (approle_code, appgroup_id, rowidentifier, rowversion, change_action, change_user, change_time) VALUES ('recordRelationship', 'super-group-id', 'dae15ccc-bc18-11e4-b6c9-c3288b8e6f5f', 1, 'i', 'db:postgres', '2015-02-24 12:32:46.539');
INSERT INTO approle_appgroup (approle_code, appgroup_id, rowidentifier, rowversion, change_action, change_user, change_time) VALUES ('cancelRelationship', 'super-group-id', 'cc47f572-bc18-11e4-840d-6705f37b1056', 1, 'i', 'db:postgres', '2015-02-24 12:32:22.045');
INSERT INTO approle_appgroup (approle_code, appgroup_id, rowidentifier, rowversion, change_action, change_user, change_time) VALUES ('ChangeSecClass', 'super-group-id', 'c1421db4-be21-11e4-a9d3-1f0c398dde0f', 1, 'i', 'db:postgres', '2015-02-27 14:41:31.339');
INSERT INTO approle_appgroup (approle_code, appgroup_id, rowidentifier, rowversion, change_action, change_user, change_time) VALUES ('01SEC_Unrestricted', 'super-group-id', 'c14970d2-be21-11e4-ac7a-abbb20e52dce', 1, 'i', 'db:postgres', '2015-02-27 14:41:31.339');
INSERT INTO approle_appgroup (approle_code, appgroup_id, rowidentifier, rowversion, change_action, change_user, change_time) VALUES ('02SEC_Restricted', 'super-group-id', 'c14997e2-be21-11e4-9603-6f1b52b1eff8', 1, 'i', 'db:postgres', '2015-02-27 14:41:31.339');
INSERT INTO approle_appgroup (approle_code, appgroup_id, rowidentifier, rowversion, change_action, change_user, change_time) VALUES ('03SEC_Confidential', 'super-group-id', 'c149bef2-be21-11e4-8aef-7b03b0b3eec4', 1, 'i', 'db:postgres', '2015-02-27 14:41:31.339');
INSERT INTO approle_appgroup (approle_code, appgroup_id, rowidentifier, rowversion, change_action, change_user, change_time) VALUES ('04SEC_Secret', 'super-group-id', 'c149e602-be21-11e4-b8f0-b7c5ea351184', 1, 'i', 'db:postgres', '2015-02-27 14:41:31.339');
INSERT INTO approle_appgroup (approle_code, appgroup_id, rowidentifier, rowversion, change_action, change_user, change_time) VALUES ('05SEC_TopSecret', 'super-group-id', 'c149e602-be21-11e4-a2df-ab6b1ddc6997', 1, 'i', 'db:postgres', '2015-02-27 14:41:31.339');
INSERT INTO approle_appgroup (approle_code, appgroup_id, rowidentifier, rowversion, change_action, change_user, change_time) VALUES ('10SEC_SuppressOrd', 'super-group-id', 'c14a0d12-be21-11e4-9235-d751064ef956', 1, 'i', 'db:postgres', '2015-02-27 14:41:31.339');
INSERT INTO approle_appgroup (approle_code, appgroup_id, rowidentifier, rowversion, change_action, change_user, change_time) VALUES ('ManageBR', 'ff94bfad-7079-41ea-bf4b-6962e36cad1f', '0b45ca3b-6ede-453d-bc68-f204d0755e98', 1, 'i', 'test', '2015-02-27 15:31:06.736');
INSERT INTO approle_appgroup (approle_code, appgroup_id, rowidentifier, rowversion, change_action, change_user, change_time) VALUES ('ChangePassword', 'ff94bfad-7079-41ea-bf4b-6962e36cad1f', '94575082-ec4d-4d5f-8472-8bfc3d424d41', 1, 'i', 'test', '2015-02-27 15:31:06.736');
INSERT INTO approle_appgroup (approle_code, appgroup_id, rowidentifier, rowversion, change_action, change_user, change_time) VALUES ('consolidationCons', 'ff94bfad-7079-41ea-bf4b-6962e36cad1f', 'f60743b0-1344-4f64-a45b-6f34ba378896', 1, 'i', 'test', '2015-02-27 15:31:06.736');
INSERT INTO approle_appgroup (approle_code, appgroup_id, rowidentifier, rowversion, change_action, change_user, change_time) VALUES ('consolidationExt', 'ff94bfad-7079-41ea-bf4b-6962e36cad1f', 'c87114a8-5ac5-4531-b1cf-49f9e97331ef', 1, 'i', 'test', '2015-02-27 15:31:06.736');
INSERT INTO approle_appgroup (approle_code, appgroup_id, rowidentifier, rowversion, change_action, change_user, change_time) VALUES ('NoPasswordExpiry', 'ff94bfad-7079-41ea-bf4b-6962e36cad1f', '4ea6376a-6607-4646-8a1a-ad8dbe231cdc', 1, 'i', 'test', '2015-02-27 15:31:06.736');
INSERT INTO approle_appgroup (approle_code, appgroup_id, rowidentifier, rowversion, change_action, change_user, change_time) VALUES ('ManageRefdata', 'ff94bfad-7079-41ea-bf4b-6962e36cad1f', '07e9f98a-8354-4fd5-ac67-f74908852e2d', 1, 'i', 'test', '2015-02-27 15:31:06.736');
INSERT INTO approle_appgroup (approle_code, appgroup_id, rowidentifier, rowversion, change_action, change_user, change_time) VALUES ('ManageSettings', 'ff94bfad-7079-41ea-bf4b-6962e36cad1f', '8250f0be-5b53-415c-a99d-396c41956e59', 1, 'i', 'test', '2015-02-27 15:31:06.736');
INSERT INTO approle_appgroup (approle_code, appgroup_id, rowidentifier, rowversion, change_action, change_user, change_time) VALUES ('ManageSecurity', 'ff94bfad-7079-41ea-bf4b-6962e36cad1f', '3eb8dd0d-a751-4054-9a63-f3e48cf2a29d', 1, 'i', 'test', '2015-02-27 15:31:06.736');
INSERT INTO approle_appgroup (approle_code, appgroup_id, rowidentifier, rowversion, change_action, change_user, change_time) VALUES ('ApplnAssignOthers', 'ff94bfad-7079-41ea-bf4b-6962e36cad1f', 'e537761a-01d6-46b2-9600-33ea223ee8dc', 1, 'i', 'test', '2015-02-27 15:31:06.736');
INSERT INTO approle_appgroup (approle_code, appgroup_id, rowidentifier, rowversion, change_action, change_user, change_time) VALUES ('ApplnAssignSelf', 'ff94bfad-7079-41ea-bf4b-6962e36cad1f', '51dcf696-3bd3-4480-8541-b7d50daca29d', 1, 'i', 'test', '2015-02-27 15:31:06.736');
INSERT INTO approle_appgroup (approle_code, appgroup_id, rowidentifier, rowversion, change_action, change_user, change_time) VALUES ('ApplnEdit', 'ff94bfad-7079-41ea-bf4b-6962e36cad1f', 'b90adee6-d7d0-42fa-8078-fee29fa8df5f', 1, 'i', 'test', '2015-02-27 15:31:06.736');
INSERT INTO approle_appgroup (approle_code, appgroup_id, rowidentifier, rowversion, change_action, change_user, change_time) VALUES ('ApplnCreate', 'ff94bfad-7079-41ea-bf4b-6962e36cad1f', '484e7e1f-760b-4eb4-942e-29f62ef5189d', 1, 'i', 'test', '2015-02-27 15:31:06.736');
INSERT INTO approle_appgroup (approle_code, appgroup_id, rowidentifier, rowversion, change_action, change_user, change_time) VALUES ('ApplnView', 'ff94bfad-7079-41ea-bf4b-6962e36cad1f', '8deac1c1-5bbe-40cc-950c-ec0f3f981bfe', 1, 'i', 'test', '2015-02-27 15:31:06.736');
INSERT INTO approle_appgroup (approle_code, appgroup_id, rowidentifier, rowversion, change_action, change_user, change_time) VALUES ('ApplnStatus', 'ff94bfad-7079-41ea-bf4b-6962e36cad1f', 'd938b45f-e4a3-449c-8063-b229f79bd7bf', 1, 'i', 'test', '2015-02-27 15:31:06.736');
INSERT INTO approle_appgroup (approle_code, appgroup_id, rowidentifier, rowversion, change_action, change_user, change_time) VALUES ('ApplnUnassignOthers', 'ff94bfad-7079-41ea-bf4b-6962e36cad1f', '782b877c-5aaf-4f3d-ba1b-b77e29d74a00', 1, 'i', 'test', '2015-02-27 15:31:06.736');
INSERT INTO approle_appgroup (approle_code, appgroup_id, rowidentifier, rowversion, change_action, change_user, change_time) VALUES ('ApplnUnassignSelf', 'ff94bfad-7079-41ea-bf4b-6962e36cad1f', '37986250-ecc2-4192-9cac-d382d9ab485d', 1, 'i', 'test', '2015-02-27 15:31:06.736');
INSERT INTO approle_appgroup (approle_code, appgroup_id, rowidentifier, rowversion, change_action, change_user, change_time) VALUES ('ApplnApprove', 'ff94bfad-7079-41ea-bf4b-6962e36cad1f', '45db98a4-86b1-4eed-a5f1-6e742d51c17c', 1, 'i', 'test', '2015-02-27 15:31:06.736');
INSERT INTO approle_appgroup (approle_code, appgroup_id, rowidentifier, rowversion, change_action, change_user, change_time) VALUES ('ApplnArchive', 'ff94bfad-7079-41ea-bf4b-6962e36cad1f', '9b3d3a84-6496-4ff9-a37f-90087b8bd9ce', 1, 'i', 'test', '2015-02-27 15:31:06.736');
INSERT INTO approle_appgroup (approle_code, appgroup_id, rowidentifier, rowversion, change_action, change_user, change_time) VALUES ('ApplnReject', 'ff94bfad-7079-41ea-bf4b-6962e36cad1f', '7fe710ce-8b95-4284-adc2-2e590a184131', 1, 'i', 'test', '2015-02-27 15:31:06.736');
INSERT INTO approle_appgroup (approle_code, appgroup_id, rowidentifier, rowversion, change_action, change_user, change_time) VALUES ('ApplnDispatch', 'ff94bfad-7079-41ea-bf4b-6962e36cad1f', '7cf94996-dd30-4cfd-817b-f9e76ae0421a', 1, 'i', 'test', '2015-02-27 15:31:06.736');
INSERT INTO approle_appgroup (approle_code, appgroup_id, rowidentifier, rowversion, change_action, change_user, change_time) VALUES ('ApplnRequisition', 'ff94bfad-7079-41ea-bf4b-6962e36cad1f', 'c633e458-5f04-4af2-8f85-180514e68078', 1, 'i', 'test', '2015-02-27 15:31:06.736');
INSERT INTO approle_appgroup (approle_code, appgroup_id, rowidentifier, rowversion, change_action, change_user, change_time) VALUES ('ApplnResubmit', 'ff94bfad-7079-41ea-bf4b-6962e36cad1f', 'ee21c071-648b-4da6-b0c8-d43d0ad8b921', 1, 'i', 'test', '2015-02-27 15:31:06.736');
INSERT INTO approle_appgroup (approle_code, appgroup_id, rowidentifier, rowversion, change_action, change_user, change_time) VALUES ('ApplnTransfer', 'ff94bfad-7079-41ea-bf4b-6962e36cad1f', 'c2fb20b2-7e1b-46ab-96a3-21fe19135926', 1, 'i', 'test', '2015-02-27 15:31:06.736');
INSERT INTO approle_appgroup (approle_code, appgroup_id, rowidentifier, rowversion, change_action, change_user, change_time) VALUES ('ApplnValidate', 'ff94bfad-7079-41ea-bf4b-6962e36cad1f', 'b0c5a1f6-8b39-4f5e-872e-612f802c7cac', 1, 'i', 'test', '2015-02-27 15:31:06.736');
INSERT INTO approle_appgroup (approle_code, appgroup_id, rowidentifier, rowversion, change_action, change_user, change_time) VALUES ('ApplnWithdraw', 'ff94bfad-7079-41ea-bf4b-6962e36cad1f', '42867079-3c43-4356-b92a-c2889e91b98b', 1, 'i', 'test', '2015-02-27 15:31:06.736');
INSERT INTO approle_appgroup (approle_code, appgroup_id, rowidentifier, rowversion, change_action, change_user, change_time) VALUES ('BulkApplication', 'ff94bfad-7079-41ea-bf4b-6962e36cad1f', '07e941a3-6fda-484d-bc97-af21f37af18b', 1, 'i', 'test', '2015-02-27 15:31:06.736');
INSERT INTO approle_appgroup (approle_code, appgroup_id, rowidentifier, rowversion, change_action, change_user, change_time) VALUES ('DashbrdViewAssign', 'ff94bfad-7079-41ea-bf4b-6962e36cad1f', 'a51e51f7-c4bf-48b6-b93f-029ceca095cb', 1, 'i', 'test', '2015-02-27 15:31:06.736');
INSERT INTO approle_appgroup (approle_code, appgroup_id, rowidentifier, rowversion, change_action, change_user, change_time) VALUES ('DashbrdViewUnassign', 'ff94bfad-7079-41ea-bf4b-6962e36cad1f', '35a7ef48-900a-4179-9c89-66fe13ff7468', 1, 'i', 'test', '2015-02-27 15:31:06.736');
INSERT INTO approle_appgroup (approle_code, appgroup_id, rowidentifier, rowversion, change_action, change_user, change_time) VALUES ('TransactionCommit', 'ff94bfad-7079-41ea-bf4b-6962e36cad1f', '6220279f-423e-4651-8a8f-e9609e8a28be', 1, 'i', 'test', '2015-02-27 15:31:06.736');
INSERT INTO approle_appgroup (approle_code, appgroup_id, rowidentifier, rowversion, change_action, change_user, change_time) VALUES ('SourcePrint', 'ff94bfad-7079-41ea-bf4b-6962e36cad1f', 'fbbacd67-867d-4e58-83c4-911d9e7e37ee', 1, 'i', 'test', '2015-02-27 15:31:06.736');
INSERT INTO approle_appgroup (approle_code, appgroup_id, rowidentifier, rowversion, change_action, change_user, change_time) VALUES ('SourceSave', 'ff94bfad-7079-41ea-bf4b-6962e36cad1f', '476b3622-ccaf-4e49-af07-05f7bffac5a6', 1, 'i', 'test', '2015-02-27 15:31:06.736');
INSERT INTO approle_appgroup (approle_code, appgroup_id, rowidentifier, rowversion, change_action, change_user, change_time) VALUES ('SourceSearch', 'ff94bfad-7079-41ea-bf4b-6962e36cad1f', 'd4ec6324-6cc3-4f91-bfce-2fac44ef4439', 1, 'i', 'test', '2015-02-27 15:31:06.736');
INSERT INTO approle_appgroup (approle_code, appgroup_id, rowidentifier, rowversion, change_action, change_user, change_time) VALUES ('ExportMap', 'ff94bfad-7079-41ea-bf4b-6962e36cad1f', '045c0db4-e908-48a6-bf58-92bca3d97544', 1, 'i', 'test', '2015-02-27 15:31:06.736');
INSERT INTO approle_appgroup (approle_code, appgroup_id, rowidentifier, rowversion, change_action, change_user, change_time) VALUES ('PrintMap', 'ff94bfad-7079-41ea-bf4b-6962e36cad1f', '4cac4d49-8e33-4363-b77b-a65ffc0bc79c', 1, 'i', 'test', '2015-02-27 15:31:06.736');
INSERT INTO approle_appgroup (approle_code, appgroup_id, rowidentifier, rowversion, change_action, change_user, change_time) VALUES ('ViewMap', 'ff94bfad-7079-41ea-bf4b-6962e36cad1f', 'e9ec7efd-69a6-4f04-aa06-400b82af69b7', 1, 'i', 'test', '2015-02-27 15:31:06.736');
INSERT INTO approle_appgroup (approle_code, appgroup_id, rowidentifier, rowversion, change_action, change_user, change_time) VALUES ('mapExistingParcel', 'ff94bfad-7079-41ea-bf4b-6962e36cad1f', '9a38c162-fade-4c33-a2f2-03d4d26a1443', 1, 'i', 'test', '2015-02-27 15:31:06.736');
INSERT INTO approle_appgroup (approle_code, appgroup_id, rowidentifier, rowversion, change_action, change_user, change_time) VALUES ('ParcelSave', 'ff94bfad-7079-41ea-bf4b-6962e36cad1f', 'e1b52d8e-7400-4b16-bc23-7842bf0153b9', 1, 'i', 'test', '2015-02-27 15:31:06.736');
INSERT INTO approle_appgroup (approle_code, appgroup_id, rowidentifier, rowversion, change_action, change_user, change_time) VALUES ('PartySave', 'ff94bfad-7079-41ea-bf4b-6962e36cad1f', '4596f049-1b71-4dc6-80df-ac4f6fc3e760', 1, 'i', 'test', '2015-02-27 15:31:06.736');
INSERT INTO approle_appgroup (approle_code, appgroup_id, rowidentifier, rowversion, change_action, change_user, change_time) VALUES ('RHSave', 'ff94bfad-7079-41ea-bf4b-6962e36cad1f', '5811651a-1324-4fb9-9c81-380b0fef1066', 1, 'i', 'test', '2015-02-27 15:31:06.736');
INSERT INTO approle_appgroup (approle_code, appgroup_id, rowidentifier, rowversion, change_action, change_user, change_time) VALUES ('PartySearch', 'ff94bfad-7079-41ea-bf4b-6962e36cad1f', 'a3aa35df-70ee-4d6f-97f5-676916617cd0', 1, 'i', 'test', '2015-02-27 15:31:06.736');
INSERT INTO approle_appgroup (approle_code, appgroup_id, rowidentifier, rowversion, change_action, change_user, change_time) VALUES ('BaunitSave', 'ff94bfad-7079-41ea-bf4b-6962e36cad1f', 'df68dea1-a2bf-46c8-9b72-7a24f52c57a0', 1, 'i', 'test', '2015-02-27 15:31:06.736');
INSERT INTO approle_appgroup (approle_code, appgroup_id, rowidentifier, rowversion, change_action, change_user, change_time) VALUES ('BaunitCertificate', 'ff94bfad-7079-41ea-bf4b-6962e36cad1f', '2c090d0b-3201-46c3-af9b-46b84091e535', 1, 'i', 'test', '2015-02-27 15:31:06.736');
INSERT INTO approle_appgroup (approle_code, appgroup_id, rowidentifier, rowversion, change_action, change_user, change_time) VALUES ('BaunitSearch', 'ff94bfad-7079-41ea-bf4b-6962e36cad1f', '11890d3c-a73f-4aac-9cd4-fe66af74306e', 1, 'i', 'test', '2015-02-27 15:31:06.736');
INSERT INTO approle_appgroup (approle_code, appgroup_id, rowidentifier, rowversion, change_action, change_user, change_time) VALUES ('ReportGenerate', 'ff94bfad-7079-41ea-bf4b-6962e36cad1f', 'bd93ee45-631a-4684-a22d-f7298027331d', 1, 'i', 'test', '2015-02-27 15:31:06.736');
INSERT INTO approle_appgroup (approle_code, appgroup_id, rowidentifier, rowversion, change_action, change_user, change_time) VALUES ('RightsExport', 'ff94bfad-7079-41ea-bf4b-6962e36cad1f', '7bc25a5c-5069-47cf-ae0a-188e6ff05d19', 1, 'i', 'test', '2015-02-27 15:31:06.736');
INSERT INTO approle_appgroup (approle_code, appgroup_id, rowidentifier, rowversion, change_action, change_user, change_time) VALUES ('ChangeSecClass', 'ff94bfad-7079-41ea-bf4b-6962e36cad1f', '387c38eb-7ff7-49f6-98f7-126b3b0d32ee', 1, 'i', 'test', '2015-02-27 15:31:06.736');
INSERT INTO approle_appgroup (approle_code, appgroup_id, rowidentifier, rowversion, change_action, change_user, change_time) VALUES ('01SEC_Unrestricted', 'ff94bfad-7079-41ea-bf4b-6962e36cad1f', 'a91afd78-3921-4993-a256-f7b2482c081b', 1, 'i', 'test', '2015-02-27 15:31:06.736');
INSERT INTO approle_appgroup (approle_code, appgroup_id, rowidentifier, rowversion, change_action, change_user, change_time) VALUES ('02SEC_Restricted', 'ff94bfad-7079-41ea-bf4b-6962e36cad1f', '1bfe00f6-6b0e-42d2-9c12-a779593a8f24', 1, 'i', 'test', '2015-02-27 15:31:06.736');
INSERT INTO approle_appgroup (approle_code, appgroup_id, rowidentifier, rowversion, change_action, change_user, change_time) VALUES ('cadastrePrint', 'ff94bfad-7079-41ea-bf4b-6962e36cad1f', '248c2be8-9e62-412e-a65f-614ef4721b36', 1, 'i', 'test', '2015-02-27 15:31:06.736');
INSERT INTO approle_appgroup (approle_code, appgroup_id, rowidentifier, rowversion, change_action, change_user, change_time) VALUES ('cancelRelationship', 'ff94bfad-7079-41ea-bf4b-6962e36cad1f', 'a2b96d48-8b4c-4e3a-a044-93c8481d50dd', 1, 'i', 'test', '2015-02-27 15:31:06.736');
INSERT INTO approle_appgroup (approle_code, appgroup_id, rowidentifier, rowversion, change_action, change_user, change_time) VALUES ('cnclPowerOfAttorney', 'ff94bfad-7079-41ea-bf4b-6962e36cad1f', 'f39abe0b-7c47-4220-8348-ccd1d9d755e9', 1, 'i', 'test', '2015-02-27 15:31:06.736');
INSERT INTO approle_appgroup (approle_code, appgroup_id, rowidentifier, rowversion, change_action, change_user, change_time) VALUES ('cancelProperty', 'ff94bfad-7079-41ea-bf4b-6962e36cad1f', '0599f200-ff01-4786-8d96-8eee99abfe3f', 1, 'i', 'test', '2015-02-27 15:31:06.736');
INSERT INTO approle_appgroup (approle_code, appgroup_id, rowidentifier, rowversion, change_action, change_user, change_time) VALUES ('newOwnership', 'ff94bfad-7079-41ea-bf4b-6962e36cad1f', 'b60ba79d-956e-447f-99a9-b2082c88d420', 1, 'i', 'test', '2015-02-27 15:31:06.736');
INSERT INTO approle_appgroup (approle_code, appgroup_id, rowidentifier, rowversion, change_action, change_user, change_time) VALUES ('cadastreChange', 'ff94bfad-7079-41ea-bf4b-6962e36cad1f', '2b727f7c-b035-4d9c-8248-1485af2b73ad', 1, 'i', 'test', '2015-02-27 15:31:06.736');
INSERT INTO approle_appgroup (approle_code, appgroup_id, rowidentifier, rowversion, change_action, change_user, change_time) VALUES ('newDigitalTitle', 'ff94bfad-7079-41ea-bf4b-6962e36cad1f', '555ee3cd-2929-45d1-a37a-0daeed9c96f5', 1, 'i', 'test', '2015-02-27 15:31:06.736');
INSERT INTO approle_appgroup (approle_code, appgroup_id, rowidentifier, rowversion, change_action, change_user, change_time) VALUES ('documentCopy', 'ff94bfad-7079-41ea-bf4b-6962e36cad1f', '6195af01-8b22-4608-98e4-aee12bd83b50', 1, 'i', 'test', '2015-02-27 15:31:06.736');
INSERT INTO approle_appgroup (approle_code, appgroup_id, rowidentifier, rowversion, change_action, change_user, change_time) VALUES ('lodgeObjection', 'ff94bfad-7079-41ea-bf4b-6962e36cad1f', 'b4d00861-3ddf-4f83-a847-1f7576639b0c', 1, 'i', 'test', '2015-02-27 15:32:02.662');
INSERT INTO approle_appgroup (approle_code, appgroup_id, rowidentifier, rowversion, change_action, change_user, change_time) VALUES ('newFreehold', 'ff94bfad-7079-41ea-bf4b-6962e36cad1f', '985bf807-350d-4d36-9f35-e8e7eae37337', 1, 'i', 'test', '2015-02-27 15:32:02.662');
INSERT INTO approle_appgroup (approle_code, appgroup_id, rowidentifier, rowversion, change_action, change_user, change_time) VALUES ('newApartment', 'ff94bfad-7079-41ea-bf4b-6962e36cad1f', '785ebfa9-49c4-4c71-bbaf-0b67e20d9646', 1, 'i', 'test', '2015-02-27 15:32:02.662');
INSERT INTO approle_appgroup (approle_code, appgroup_id, rowidentifier, rowversion, change_action, change_user, change_time) VALUES ('recordRelationship', 'ff94bfad-7079-41ea-bf4b-6962e36cad1f', 'ca15226e-810a-436d-b0e0-5f1f03cf0f0c', 1, 'i', 'test', '2015-02-27 15:32:02.662');
INSERT INTO approle_appgroup (approle_code, appgroup_id, rowidentifier, rowversion, change_action, change_user, change_time) VALUES ('redefineCadastre', 'ff94bfad-7079-41ea-bf4b-6962e36cad1f', '37576c64-d501-4204-b591-bb72bb1aa941', 1, 'i', 'test', '2015-02-27 15:32:02.662');
INSERT INTO approle_appgroup (approle_code, appgroup_id, rowidentifier, rowversion, change_action, change_user, change_time) VALUES ('buildingRestriction', 'ff94bfad-7079-41ea-bf4b-6962e36cad1f', '6c0beb87-f92a-4307-93e4-b9be08f3da74', 1, 'i', 'test', '2015-02-27 15:32:02.662');
INSERT INTO approle_appgroup (approle_code, appgroup_id, rowidentifier, rowversion, change_action, change_user, change_time) VALUES ('caveat', 'ff94bfad-7079-41ea-bf4b-6962e36cad1f', 'd22d4de6-6252-41ba-a113-bca9cdadbccd', 1, 'i', 'test', '2015-02-27 15:32:02.662');
INSERT INTO approle_appgroup (approle_code, appgroup_id, rowidentifier, rowversion, change_action, change_user, change_time) VALUES ('historicOrder', 'ff94bfad-7079-41ea-bf4b-6962e36cad1f', '9edb132c-bd06-4031-ac03-6f6d9f80c6af', 1, 'i', 'test', '2015-02-27 15:32:02.662');
INSERT INTO approle_appgroup (approle_code, appgroup_id, rowidentifier, rowversion, change_action, change_user, change_time) VALUES ('registerLease', 'ff94bfad-7079-41ea-bf4b-6962e36cad1f', '61be6b0a-7636-4b9c-b75e-3378829195ed', 1, 'i', 'test', '2015-02-27 15:32:02.662');
INSERT INTO approle_appgroup (approle_code, appgroup_id, rowidentifier, rowversion, change_action, change_user, change_time) VALUES ('limtedRoadAccess', 'ff94bfad-7079-41ea-bf4b-6962e36cad1f', 'dfe3b936-ee03-473a-b79d-8989d01ee4c9', 1, 'i', 'test', '2015-02-27 15:32:02.662');
INSERT INTO approle_appgroup (approle_code, appgroup_id, rowidentifier, rowversion, change_action, change_user, change_time) VALUES ('mortgage', 'ff94bfad-7079-41ea-bf4b-6962e36cad1f', '6b31e29b-1ea6-42b2-a4c4-b5e42fb2139a', 1, 'i', 'test', '2015-02-27 15:32:02.662');
INSERT INTO approle_appgroup (approle_code, appgroup_id, rowidentifier, rowversion, change_action, change_user, change_time) VALUES ('servitude', 'ff94bfad-7079-41ea-bf4b-6962e36cad1f', '7db336f3-9251-4e6c-b2e2-a28c82a4c9d4', 1, 'i', 'test', '2015-02-27 15:32:02.662');
INSERT INTO approle_appgroup (approle_code, appgroup_id, rowidentifier, rowversion, change_action, change_user, change_time) VALUES ('regnPowerOfAttorney', 'ff94bfad-7079-41ea-bf4b-6962e36cad1f', 'f57d7d64-5d51-4fe0-8294-58e74a4ff451', 1, 'i', 'test', '2015-02-27 15:32:02.662');
INSERT INTO approle_appgroup (approle_code, appgroup_id, rowidentifier, rowversion, change_action, change_user, change_time) VALUES ('regnStandardDocument', 'ff94bfad-7079-41ea-bf4b-6962e36cad1f', '1adb8620-c094-419d-aafc-36bc8454526f', 1, 'i', 'test', '2015-02-27 15:32:02.662');
INSERT INTO approle_appgroup (approle_code, appgroup_id, rowidentifier, rowversion, change_action, change_user, change_time) VALUES ('regnOnTitle', 'ff94bfad-7079-41ea-bf4b-6962e36cad1f', 'e20b5b91-d226-4bc5-aff4-404bde2f1c09', 1, 'i', 'test', '2015-02-27 15:32:02.662');
INSERT INTO approle_appgroup (approle_code, appgroup_id, rowidentifier, rowversion, change_action, change_user, change_time) VALUES ('removeCaveat', 'ff94bfad-7079-41ea-bf4b-6962e36cad1f', 'd09c4fd0-a9bd-47af-9d77-9707dececee7', 1, 'i', 'test', '2015-02-27 15:32:02.662');
INSERT INTO approle_appgroup (approle_code, appgroup_id, rowidentifier, rowversion, change_action, change_user, change_time) VALUES ('removeRestriction', 'ff94bfad-7079-41ea-bf4b-6962e36cad1f', '6074b57f-a4ed-41d9-973f-4c88d8cb1505', 1, 'i', 'test', '2015-02-27 15:32:02.662');
INSERT INTO approle_appgroup (approle_code, appgroup_id, rowidentifier, rowversion, change_action, change_user, change_time) VALUES ('removeRight', 'ff94bfad-7079-41ea-bf4b-6962e36cad1f', 'd0c6f2f7-39a2-4eff-a0a3-9732158228b6', 1, 'i', 'test', '2015-02-27 15:32:02.662');
INSERT INTO approle_appgroup (approle_code, appgroup_id, rowidentifier, rowversion, change_action, change_user, change_time) VALUES ('serviceEnquiry', 'ff94bfad-7079-41ea-bf4b-6962e36cad1f', '049ac8d9-0362-4d1d-830b-35c510955277', 1, 'i', 'test', '2015-02-27 15:32:02.662');
INSERT INTO approle_appgroup (approle_code, appgroup_id, rowidentifier, rowversion, change_action, change_user, change_time) VALUES ('surveyPlanCopy', 'ff94bfad-7079-41ea-bf4b-6962e36cad1f', '26b1c84a-7284-4c30-9e68-5585457c21dd', 1, 'i', 'test', '2015-02-27 15:32:02.662');
INSERT INTO approle_appgroup (approle_code, appgroup_id, rowidentifier, rowversion, change_action, change_user, change_time) VALUES ('systematicRegn', 'ff94bfad-7079-41ea-bf4b-6962e36cad1f', '11eafd5e-342e-44bd-a471-93c4de0528cd', 1, 'i', 'test', '2015-02-27 15:32:02.662');
INSERT INTO approle_appgroup (approle_code, appgroup_id, rowidentifier, rowversion, change_action, change_user, change_time) VALUES ('titleSearch', 'ff94bfad-7079-41ea-bf4b-6962e36cad1f', '162b3bb3-7827-4475-8302-e179e288b80d', 1, 'i', 'test', '2015-02-27 15:32:02.662');
INSERT INTO approle_appgroup (approle_code, appgroup_id, rowidentifier, rowversion, change_action, change_user, change_time) VALUES ('varyLease', 'ff94bfad-7079-41ea-bf4b-6962e36cad1f', 'c884568d-2231-476e-bd3b-82f2046e306b', 1, 'i', 'test', '2015-02-27 15:32:02.662');
INSERT INTO approle_appgroup (approle_code, appgroup_id, rowidentifier, rowversion, change_action, change_user, change_time) VALUES ('varyCaveat', 'ff94bfad-7079-41ea-bf4b-6962e36cad1f', 'c2d4bf86-7468-4dba-b50f-cf277e3b67ad', 1, 'i', 'test', '2015-02-27 15:32:02.662');
INSERT INTO approle_appgroup (approle_code, appgroup_id, rowidentifier, rowversion, change_action, change_user, change_time) VALUES ('varyMortgage', 'ff94bfad-7079-41ea-bf4b-6962e36cad1f', '8bf9b0ac-bfc8-47d2-834f-cd1721a186c8', 1, 'i', 'test', '2015-02-27 15:32:02.662');
INSERT INTO approle_appgroup (approle_code, appgroup_id, rowidentifier, rowversion, change_action, change_user, change_time) VALUES ('varyRight', 'ff94bfad-7079-41ea-bf4b-6962e36cad1f', '51ecc917-29c3-4ac9-a996-e043cf4bbef5', 1, 'i', 'test', '2015-02-27 15:32:02.662');
INSERT INTO approle_appgroup (approle_code, appgroup_id, rowidentifier, rowversion, change_action, change_user, change_time) VALUES ('cnclStandardDocument', 'ff94bfad-7079-41ea-bf4b-6962e36cad1f', 'b579eb92-f9ec-447b-8d77-cf7f218d0e84', 1, 'i', 'test', '2015-02-27 15:32:02.662');
INSERT INTO approle_appgroup (approle_code, appgroup_id, rowidentifier, rowversion, change_action, change_user, change_time) VALUES ('CancelService', 'ff94bfad-7079-41ea-bf4b-6962e36cad1f', 'bc977367-31b1-41ce-bc04-354f7c9988fd', 1, 'i', 'test', '2015-02-27 15:32:02.662');
INSERT INTO approle_appgroup (approle_code, appgroup_id, rowidentifier, rowversion, change_action, change_user, change_time) VALUES ('CompleteService', 'ff94bfad-7079-41ea-bf4b-6962e36cad1f', 'da1ad59f-f120-4924-a8f1-1124e9125deb', 1, 'i', 'test', '2015-02-27 15:32:02.662');
INSERT INTO approle_appgroup (approle_code, appgroup_id, rowidentifier, rowversion, change_action, change_user, change_time) VALUES ('RevertService', 'ff94bfad-7079-41ea-bf4b-6962e36cad1f', 'c479e590-007b-40b5-8c53-ff2296897bab', 1, 'i', 'test', '2015-02-27 15:32:02.662');
INSERT INTO approle_appgroup (approle_code, appgroup_id, rowidentifier, rowversion, change_action, change_user, change_time) VALUES ('StartService', 'ff94bfad-7079-41ea-bf4b-6962e36cad1f', '96a82327-117b-4987-9e1e-c097ac9c78eb', 1, 'i', 'test', '2015-02-27 15:32:02.662');
INSERT INTO approle_appgroup (approle_code, appgroup_id, rowidentifier, rowversion, change_action, change_user, change_time) VALUES ('obscurationRequest', 'super-group-id', '4e4851d6-be74-11e4-a0e2-cf34ee2f0a0c', 1, 'i', 'db:postgres', '2015-02-27 12:32:26.68');
INSERT INTO approle_appgroup (approle_code, appgroup_id, rowidentifier, rowversion, change_action, change_user, change_time) VALUES ('MapFeatureEditor', 'super-group-id', '65e1ce80-c216-11e4-9b2e-5b36c326716c', 1, 'i', 'db:postgres', '2015-03-04 15:30:18.217');
INSERT INTO approle_appgroup (approle_code, appgroup_id, rowidentifier, rowversion, change_action, change_user, change_time) VALUES ('MapZoneEditor', 'super-group-id', '65e48daa-c216-11e4-b81b-8bb0457ebb45', 1, 'i', 'db:postgres', '2015-03-04 15:30:18.217');
INSERT INTO approle_appgroup (approle_code, appgroup_id, rowidentifier, rowversion, change_action, change_user, change_time) VALUES ('ReportGender', 'super-group-id', '65e529ea-c216-11e4-a806-2b89f1f9e9c1', 1, 'i', 'db:postgres', '2015-03-04 15:30:18.217');
INSERT INTO approle_appgroup (approle_code, appgroup_id, rowidentifier, rowversion, change_action, change_user, change_time) VALUES ('newParcel', 'super-group-id', '0585d834-154d-11e6-9731-83d2a3a8b4c5', 1, 'i', 'db:postgres', '2016-05-09 00:45:23.045');
INSERT INTO approle_appgroup (approle_code, appgroup_id, rowidentifier, rowversion, change_action, change_user, change_time) VALUES ('newParcel', 'ff94bfad-7079-41ea-bf4b-6962e36cad1f', '058b0868-154d-11e6-abec-bbdb4ac745fa', 1, 'i', 'db:postgres', '2016-05-09 00:45:23.045');
INSERT INTO approle_appgroup (approle_code, appgroup_id, rowidentifier, rowversion, change_action, change_user, change_time) VALUES ('01SEC_Unrestricted', 'admin-group-id', 'd919dedc-2ee5-11e6-b4c7-c3f9d0e71cae', 1, 'i', 'db:postgres', '2016-06-10 10:32:20.601');
INSERT INTO approle_appgroup (approle_code, appgroup_id, rowidentifier, rowversion, change_action, change_user, change_time) VALUES ('02SEC_Restricted', 'admin-group-id', 'd919dedc-2ee5-11e6-8107-cba68f8c5ab4', 1, 'i', 'db:postgres', '2016-06-10 10:32:20.601');
INSERT INTO approle_appgroup (approle_code, appgroup_id, rowidentifier, rowversion, change_action, change_user, change_time) VALUES ('03SEC_Confidential', 'admin-group-id', 'd919dedc-2ee5-11e6-8087-fbb73eb4ffc2', 1, 'i', 'db:postgres', '2016-06-10 10:32:20.601');
INSERT INTO approle_appgroup (approle_code, appgroup_id, rowidentifier, rowversion, change_action, change_user, change_time) VALUES ('04SEC_Secret', 'admin-group-id', 'd919dedc-2ee5-11e6-b77a-83873bac4863', 1, 'i', 'db:postgres', '2016-06-10 10:32:20.601');
INSERT INTO approle_appgroup (approle_code, appgroup_id, rowidentifier, rowversion, change_action, change_user, change_time) VALUES ('05SEC_TopSecret', 'admin-group-id', 'd91b657c-2ee5-11e6-9521-47328ee7d209', 1, 'i', 'db:postgres', '2016-06-10 10:32:20.601');
INSERT INTO approle_appgroup (approle_code, appgroup_id, rowidentifier, rowversion, change_action, change_user, change_time) VALUES ('10SEC_SuppressOrd', 'admin-group-id', 'd91b657c-2ee5-11e6-9077-238559c53961', 1, 'i', 'db:postgres', '2016-06-10 10:32:20.601');
INSERT INTO approle_appgroup (approle_code, appgroup_id, rowidentifier, rowversion, change_action, change_user, change_time) VALUES ('ApplnApprove', 'admin-group-id', 'd91b657c-2ee5-11e6-8b53-5fa910ac0742', 1, 'i', 'db:postgres', '2016-06-10 10:32:20.601');
INSERT INTO approle_appgroup (approle_code, appgroup_id, rowidentifier, rowversion, change_action, change_user, change_time) VALUES ('ApplnArchive', 'admin-group-id', 'd91b657c-2ee5-11e6-b35b-174dcc7612ff', 1, 'i', 'db:postgres', '2016-06-10 10:32:20.601');
INSERT INTO approle_appgroup (approle_code, appgroup_id, rowidentifier, rowversion, change_action, change_user, change_time) VALUES ('ApplnAssignOthers', 'admin-group-id', 'd91b657c-2ee5-11e6-a82d-5bcb3660addf', 1, 'i', 'db:postgres', '2016-06-10 10:32:20.601');
INSERT INTO approle_appgroup (approle_code, appgroup_id, rowidentifier, rowversion, change_action, change_user, change_time) VALUES ('ApplnAssignSelf', 'admin-group-id', 'd91b657c-2ee5-11e6-9121-b75e1c6a5c93', 1, 'i', 'db:postgres', '2016-06-10 10:32:20.601');
INSERT INTO approle_appgroup (approle_code, appgroup_id, rowidentifier, rowversion, change_action, change_user, change_time) VALUES ('ApplnCreate', 'admin-group-id', 'd91cec1c-2ee5-11e6-b88f-c3eebe92b0c8', 1, 'i', 'db:postgres', '2016-06-10 10:32:20.601');
INSERT INTO approle_appgroup (approle_code, appgroup_id, rowidentifier, rowversion, change_action, change_user, change_time) VALUES ('ApplnDispatch', 'admin-group-id', 'd91cec1c-2ee5-11e6-9e55-cfc459f14faf', 1, 'i', 'db:postgres', '2016-06-10 10:32:20.601');
INSERT INTO approle_appgroup (approle_code, appgroup_id, rowidentifier, rowversion, change_action, change_user, change_time) VALUES ('ApplnEdit', 'admin-group-id', 'd91cec1c-2ee5-11e6-b9cb-6f138a3f3b65', 1, 'i', 'db:postgres', '2016-06-10 10:32:20.601');
INSERT INTO approle_appgroup (approle_code, appgroup_id, rowidentifier, rowversion, change_action, change_user, change_time) VALUES ('ApplnReject', 'admin-group-id', 'd91cec1c-2ee5-11e6-9efa-e795ea32c582', 1, 'i', 'db:postgres', '2016-06-10 10:32:20.601');
INSERT INTO approle_appgroup (approle_code, appgroup_id, rowidentifier, rowversion, change_action, change_user, change_time) VALUES ('ApplnRequisition', 'admin-group-id', 'd91cec1c-2ee5-11e6-a371-f3f764acfd4b', 1, 'i', 'db:postgres', '2016-06-10 10:32:20.601');
INSERT INTO approle_appgroup (approle_code, appgroup_id, rowidentifier, rowversion, change_action, change_user, change_time) VALUES ('ApplnResubmit', 'admin-group-id', 'd91cec1c-2ee5-11e6-8b31-a3b46d683660', 1, 'i', 'db:postgres', '2016-06-10 10:32:20.601');
INSERT INTO approle_appgroup (approle_code, appgroup_id, rowidentifier, rowversion, change_action, change_user, change_time) VALUES ('ApplnStatus', 'admin-group-id', 'd91cec1c-2ee5-11e6-a1d3-c7979a846ab8', 1, 'i', 'db:postgres', '2016-06-10 10:32:20.601');
INSERT INTO approle_appgroup (approle_code, appgroup_id, rowidentifier, rowversion, change_action, change_user, change_time) VALUES ('ApplnTransfer', 'admin-group-id', 'd91cec1c-2ee5-11e6-96e1-7b7e68a42714', 1, 'i', 'db:postgres', '2016-06-10 10:32:20.601');
INSERT INTO approle_appgroup (approle_code, appgroup_id, rowidentifier, rowversion, change_action, change_user, change_time) VALUES ('ApplnUnassignOthers', 'admin-group-id', 'd91e72bc-2ee5-11e6-a936-5fd70631f5ca', 1, 'i', 'db:postgres', '2016-06-10 10:32:20.601');
INSERT INTO approle_appgroup (approle_code, appgroup_id, rowidentifier, rowversion, change_action, change_user, change_time) VALUES ('ApplnUnassignSelf', 'admin-group-id', 'd91e72bc-2ee5-11e6-8a70-478c102bdec9', 1, 'i', 'db:postgres', '2016-06-10 10:32:20.601');
INSERT INTO approle_appgroup (approle_code, appgroup_id, rowidentifier, rowversion, change_action, change_user, change_time) VALUES ('ApplnValidate', 'admin-group-id', 'd91e72bc-2ee5-11e6-ba48-ffafd5a4c844', 1, 'i', 'db:postgres', '2016-06-10 10:32:20.601');
INSERT INTO approle_appgroup (approle_code, appgroup_id, rowidentifier, rowversion, change_action, change_user, change_time) VALUES ('ApplnView', 'admin-group-id', 'd91e72bc-2ee5-11e6-a15b-a7f8af594be5', 1, 'i', 'db:postgres', '2016-06-10 10:32:20.601');
INSERT INTO approle_appgroup (approle_code, appgroup_id, rowidentifier, rowversion, change_action, change_user, change_time) VALUES ('ApplnWithdraw', 'admin-group-id', 'd91e72bc-2ee5-11e6-a733-0b91117a1ae0', 1, 'i', 'db:postgres', '2016-06-10 10:32:20.601');
INSERT INTO approle_appgroup (approle_code, appgroup_id, rowidentifier, rowversion, change_action, change_user, change_time) VALUES ('BaunitCertificate', 'admin-group-id', 'd91e72bc-2ee5-11e6-8146-47615fde1023', 1, 'i', 'db:postgres', '2016-06-10 10:32:20.601');
INSERT INTO approle_appgroup (approle_code, appgroup_id, rowidentifier, rowversion, change_action, change_user, change_time) VALUES ('BaunitSave', 'admin-group-id', 'd91ff95c-2ee5-11e6-aa02-ffd87c2c007f', 1, 'i', 'db:postgres', '2016-06-10 10:32:20.601');
INSERT INTO approle_appgroup (approle_code, appgroup_id, rowidentifier, rowversion, change_action, change_user, change_time) VALUES ('BaunitSearch', 'admin-group-id', 'd91ff95c-2ee5-11e6-966c-c7aa9bca52f6', 1, 'i', 'db:postgres', '2016-06-10 10:32:20.601');
INSERT INTO approle_appgroup (approle_code, appgroup_id, rowidentifier, rowversion, change_action, change_user, change_time) VALUES ('buildingRestriction', 'admin-group-id', 'd91ff95c-2ee5-11e6-ae06-bfb010c091bb', 1, 'i', 'db:postgres', '2016-06-10 10:32:20.601');
INSERT INTO approle_appgroup (approle_code, appgroup_id, rowidentifier, rowversion, change_action, change_user, change_time) VALUES ('BulkApplication', 'admin-group-id', 'd91ff95c-2ee5-11e6-8c41-4b6346750370', 1, 'i', 'db:postgres', '2016-06-10 10:32:20.601');
INSERT INTO approle_appgroup (approle_code, appgroup_id, rowidentifier, rowversion, change_action, change_user, change_time) VALUES ('cadastreChange', 'admin-group-id', 'd9217ffc-2ee5-11e6-8632-334760900aa8', 1, 'i', 'db:postgres', '2016-06-10 10:32:20.601');
INSERT INTO approle_appgroup (approle_code, appgroup_id, rowidentifier, rowversion, change_action, change_user, change_time) VALUES ('cadastrePrint', 'admin-group-id', 'd9217ffc-2ee5-11e6-a09e-3b6779774c64', 1, 'i', 'db:postgres', '2016-06-10 10:32:20.601');
INSERT INTO approle_appgroup (approle_code, appgroup_id, rowidentifier, rowversion, change_action, change_user, change_time) VALUES ('cancelProperty', 'admin-group-id', 'd9217ffc-2ee5-11e6-ad16-43ed0b6bfad9', 1, 'i', 'db:postgres', '2016-06-10 10:32:20.601');
INSERT INTO approle_appgroup (approle_code, appgroup_id, rowidentifier, rowversion, change_action, change_user, change_time) VALUES ('cancelRelationship', 'admin-group-id', 'd9217ffc-2ee5-11e6-94bd-1ff69956b562', 1, 'i', 'db:postgres', '2016-06-10 10:32:20.601');
INSERT INTO approle_appgroup (approle_code, appgroup_id, rowidentifier, rowversion, change_action, change_user, change_time) VALUES ('CancelService', 'admin-group-id', 'd9217ffc-2ee5-11e6-89bc-43d313d1ae9e', 1, 'i', 'db:postgres', '2016-06-10 10:32:20.601');
INSERT INTO approle_appgroup (approle_code, appgroup_id, rowidentifier, rowversion, change_action, change_user, change_time) VALUES ('caveat', 'admin-group-id', 'd923069c-2ee5-11e6-88cf-cfb69ebc6381', 1, 'i', 'db:postgres', '2016-06-10 10:32:20.601');
INSERT INTO approle_appgroup (approle_code, appgroup_id, rowidentifier, rowversion, change_action, change_user, change_time) VALUES ('ChangePassword', 'admin-group-id', 'd923069c-2ee5-11e6-8c4c-c3501ca94e65', 1, 'i', 'db:postgres', '2016-06-10 10:32:20.601');
INSERT INTO approle_appgroup (approle_code, appgroup_id, rowidentifier, rowversion, change_action, change_user, change_time) VALUES ('ChangeSecClass', 'admin-group-id', 'd923069c-2ee5-11e6-9020-fff1187c043e', 1, 'i', 'db:postgres', '2016-06-10 10:32:20.601');
INSERT INTO approle_appgroup (approle_code, appgroup_id, rowidentifier, rowversion, change_action, change_user, change_time) VALUES ('cnclPowerOfAttorney', 'admin-group-id', 'd923069c-2ee5-11e6-a577-532970de4d8a', 1, 'i', 'db:postgres', '2016-06-10 10:32:20.601');
INSERT INTO approle_appgroup (approle_code, appgroup_id, rowidentifier, rowversion, change_action, change_user, change_time) VALUES ('cnclStandardDocument', 'admin-group-id', 'd923069c-2ee5-11e6-856f-57e416838100', 1, 'i', 'db:postgres', '2016-06-10 10:32:20.601');
INSERT INTO approle_appgroup (approle_code, appgroup_id, rowidentifier, rowversion, change_action, change_user, change_time) VALUES ('CompleteService', 'admin-group-id', 'd923069c-2ee5-11e6-ae9e-5f3c3871af60', 1, 'i', 'db:postgres', '2016-06-10 10:32:20.601');
INSERT INTO approle_appgroup (approle_code, appgroup_id, rowidentifier, rowversion, change_action, change_user, change_time) VALUES ('consolidationCons', 'admin-group-id', 'd9248d3c-2ee5-11e6-b501-3717ddfdbb12', 1, 'i', 'db:postgres', '2016-06-10 10:32:20.601');
INSERT INTO approle_appgroup (approle_code, appgroup_id, rowidentifier, rowversion, change_action, change_user, change_time) VALUES ('consolidationExt', 'admin-group-id', 'd9248d3c-2ee5-11e6-b993-8f90575434ea', 1, 'i', 'db:postgres', '2016-06-10 10:32:20.601');
INSERT INTO approle_appgroup (approle_code, appgroup_id, rowidentifier, rowversion, change_action, change_user, change_time) VALUES ('DashbrdViewAssign', 'admin-group-id', 'd9248d3c-2ee5-11e6-89e2-aff243c2631b', 1, 'i', 'db:postgres', '2016-06-10 10:32:20.601');
INSERT INTO approle_appgroup (approle_code, appgroup_id, rowidentifier, rowversion, change_action, change_user, change_time) VALUES ('DashbrdViewUnassign', 'admin-group-id', 'd9248d3c-2ee5-11e6-98e9-cb371914c855', 1, 'i', 'db:postgres', '2016-06-10 10:32:20.601');
INSERT INTO approle_appgroup (approle_code, appgroup_id, rowidentifier, rowversion, change_action, change_user, change_time) VALUES ('documentCopy', 'admin-group-id', 'd9248d3c-2ee5-11e6-94c4-63176b36de1d', 1, 'i', 'db:postgres', '2016-06-10 10:32:20.601');
INSERT INTO approle_appgroup (approle_code, appgroup_id, rowidentifier, rowversion, change_action, change_user, change_time) VALUES ('ExportMap', 'admin-group-id', 'd9248d3c-2ee5-11e6-8a86-fb4001b64b9e', 1, 'i', 'db:postgres', '2016-06-10 10:32:20.601');
INSERT INTO approle_appgroup (approle_code, appgroup_id, rowidentifier, rowversion, change_action, change_user, change_time) VALUES ('historicOrder', 'admin-group-id', 'd9248d3c-2ee5-11e6-8234-0bc7c5ce9ffd', 1, 'i', 'db:postgres', '2016-06-10 10:32:20.601');
INSERT INTO approle_appgroup (approle_code, appgroup_id, rowidentifier, rowversion, change_action, change_user, change_time) VALUES ('limtedRoadAccess', 'admin-group-id', 'd9248d3c-2ee5-11e6-9bb0-2b721178bb4d', 1, 'i', 'db:postgres', '2016-06-10 10:32:20.601');
INSERT INTO approle_appgroup (approle_code, appgroup_id, rowidentifier, rowversion, change_action, change_user, change_time) VALUES ('lodgeObjection', 'admin-group-id', 'd92613dc-2ee5-11e6-ab76-fb67a824fd67', 1, 'i', 'db:postgres', '2016-06-10 10:32:20.601');
INSERT INTO approle_appgroup (approle_code, appgroup_id, rowidentifier, rowversion, change_action, change_user, change_time) VALUES ('ManageBR', 'admin-group-id', 'd92613dc-2ee5-11e6-a191-5b136743cf12', 1, 'i', 'db:postgres', '2016-06-10 10:32:20.601');
INSERT INTO approle_appgroup (approle_code, appgroup_id, rowidentifier, rowversion, change_action, change_user, change_time) VALUES ('ManageRefdata', 'admin-group-id', 'd92613dc-2ee5-11e6-a300-ff2dd2f8a519', 1, 'i', 'db:postgres', '2016-06-10 10:32:20.601');
INSERT INTO approle_appgroup (approle_code, appgroup_id, rowidentifier, rowversion, change_action, change_user, change_time) VALUES ('ManageSecurity', 'admin-group-id', 'd92613dc-2ee5-11e6-b36b-9b8d85636a0a', 1, 'i', 'db:postgres', '2016-06-10 10:32:20.601');
INSERT INTO approle_appgroup (approle_code, appgroup_id, rowidentifier, rowversion, change_action, change_user, change_time) VALUES ('ManageSettings', 'admin-group-id', 'd92613dc-2ee5-11e6-b5ed-fbf7b8c3f3db', 1, 'i', 'db:postgres', '2016-06-10 10:32:20.601');
INSERT INTO approle_appgroup (approle_code, appgroup_id, rowidentifier, rowversion, change_action, change_user, change_time) VALUES ('mapExistingParcel', 'admin-group-id', 'd92613dc-2ee5-11e6-99c7-d355c40b8c27', 1, 'i', 'db:postgres', '2016-06-10 10:32:20.601');
INSERT INTO approle_appgroup (approle_code, appgroup_id, rowidentifier, rowversion, change_action, change_user, change_time) VALUES ('MapFeatureEditor', 'admin-group-id', 'd92613dc-2ee5-11e6-beb9-67ea6fb7c14d', 1, 'i', 'db:postgres', '2016-06-10 10:32:20.601');
INSERT INTO approle_appgroup (approle_code, appgroup_id, rowidentifier, rowversion, change_action, change_user, change_time) VALUES ('MapZoneEditor', 'admin-group-id', 'd92613dc-2ee5-11e6-8738-43075b8a7f63', 1, 'i', 'db:postgres', '2016-06-10 10:32:20.601');
INSERT INTO approle_appgroup (approle_code, appgroup_id, rowidentifier, rowversion, change_action, change_user, change_time) VALUES ('mortgage', 'admin-group-id', 'd9279a7c-2ee5-11e6-8818-ff6d029d5500', 1, 'i', 'db:postgres', '2016-06-10 10:32:20.601');
INSERT INTO approle_appgroup (approle_code, appgroup_id, rowidentifier, rowversion, change_action, change_user, change_time) VALUES ('newApartment', 'admin-group-id', 'd9279a7c-2ee5-11e6-ad25-1f58a88d071b', 1, 'i', 'db:postgres', '2016-06-10 10:32:20.601');
INSERT INTO approle_appgroup (approle_code, appgroup_id, rowidentifier, rowversion, change_action, change_user, change_time) VALUES ('newDigitalTitle', 'admin-group-id', 'd9279a7c-2ee5-11e6-913c-375c42adf04e', 1, 'i', 'db:postgres', '2016-06-10 10:32:20.601');
INSERT INTO approle_appgroup (approle_code, appgroup_id, rowidentifier, rowversion, change_action, change_user, change_time) VALUES ('newFreehold', 'admin-group-id', 'd9279a7c-2ee5-11e6-8e35-aff0af592734', 1, 'i', 'db:postgres', '2016-06-10 10:32:20.601');
INSERT INTO approle_appgroup (approle_code, appgroup_id, rowidentifier, rowversion, change_action, change_user, change_time) VALUES ('newOwnership', 'admin-group-id', 'd9279a7c-2ee5-11e6-8d0f-8f7f49f19bf8', 1, 'i', 'db:postgres', '2016-06-10 10:32:20.601');
INSERT INTO approle_appgroup (approle_code, appgroup_id, rowidentifier, rowversion, change_action, change_user, change_time) VALUES ('newParcel', 'admin-group-id', 'd9279a7c-2ee5-11e6-a1b7-f37d19241d93', 1, 'i', 'db:postgres', '2016-06-10 10:32:20.601');
INSERT INTO approle_appgroup (approle_code, appgroup_id, rowidentifier, rowversion, change_action, change_user, change_time) VALUES ('NoPasswordExpiry', 'admin-group-id', 'd929211c-2ee5-11e6-b04e-bb265927541d', 1, 'i', 'db:postgres', '2016-06-10 10:32:20.601');
INSERT INTO approle_appgroup (approle_code, appgroup_id, rowidentifier, rowversion, change_action, change_user, change_time) VALUES ('obscurationRequest', 'admin-group-id', 'd929211c-2ee5-11e6-8bb8-cbc795bfb424', 1, 'i', 'db:postgres', '2016-06-10 10:32:20.601');
INSERT INTO approle_appgroup (approle_code, appgroup_id, rowidentifier, rowversion, change_action, change_user, change_time) VALUES ('ParcelSave', 'admin-group-id', 'd929211c-2ee5-11e6-a6cd-e76b0da7f312', 1, 'i', 'db:postgres', '2016-06-10 10:32:20.601');
INSERT INTO approle_appgroup (approle_code, appgroup_id, rowidentifier, rowversion, change_action, change_user, change_time) VALUES ('PartySave', 'admin-group-id', 'd929211c-2ee5-11e6-a85a-23a5fe9b28c3', 1, 'i', 'db:postgres', '2016-06-10 10:32:20.601');
INSERT INTO approle_appgroup (approle_code, appgroup_id, rowidentifier, rowversion, change_action, change_user, change_time) VALUES ('PartySearch', 'admin-group-id', 'd929211c-2ee5-11e6-a91c-a36caa596aea', 1, 'i', 'db:postgres', '2016-06-10 10:32:20.601');
INSERT INTO approle_appgroup (approle_code, appgroup_id, rowidentifier, rowversion, change_action, change_user, change_time) VALUES ('PrintMap', 'admin-group-id', 'd92aa7bc-2ee5-11e6-b59f-9f04d8dc4a29', 1, 'i', 'db:postgres', '2016-06-10 10:32:20.601');
INSERT INTO approle_appgroup (approle_code, appgroup_id, rowidentifier, rowversion, change_action, change_user, change_time) VALUES ('recordRelationship', 'admin-group-id', 'd92aa7bc-2ee5-11e6-9978-4b72b89a57f2', 1, 'i', 'db:postgres', '2016-06-10 10:32:20.601');
INSERT INTO approle_appgroup (approle_code, appgroup_id, rowidentifier, rowversion, change_action, change_user, change_time) VALUES ('redefineCadastre', 'admin-group-id', 'd92aa7bc-2ee5-11e6-8553-cbc547547b0e', 1, 'i', 'db:postgres', '2016-06-10 10:32:20.601');
INSERT INTO approle_appgroup (approle_code, appgroup_id, rowidentifier, rowversion, change_action, change_user, change_time) VALUES ('registerLease', 'admin-group-id', 'd92c2e5c-2ee5-11e6-a1e8-271dc383f2a5', 1, 'i', 'db:postgres', '2016-06-10 10:32:20.601');
INSERT INTO approle_appgroup (approle_code, appgroup_id, rowidentifier, rowversion, change_action, change_user, change_time) VALUES ('regnOnTitle', 'admin-group-id', 'd92c2e5c-2ee5-11e6-9240-07ca920fd6b5', 1, 'i', 'db:postgres', '2016-06-10 10:32:20.601');
INSERT INTO approle_appgroup (approle_code, appgroup_id, rowidentifier, rowversion, change_action, change_user, change_time) VALUES ('regnPowerOfAttorney', 'admin-group-id', 'd92c2e5c-2ee5-11e6-a8ec-cf22603636b1', 1, 'i', 'db:postgres', '2016-06-10 10:32:20.601');
INSERT INTO approle_appgroup (approle_code, appgroup_id, rowidentifier, rowversion, change_action, change_user, change_time) VALUES ('regnStandardDocument', 'admin-group-id', 'd92c2e5c-2ee5-11e6-8c9b-436586289e28', 1, 'i', 'db:postgres', '2016-06-10 10:32:20.601');
INSERT INTO approle_appgroup (approle_code, appgroup_id, rowidentifier, rowversion, change_action, change_user, change_time) VALUES ('removeCaveat', 'admin-group-id', 'd92c2e5c-2ee5-11e6-b938-1b6779bdaec6', 1, 'i', 'db:postgres', '2016-06-10 10:32:20.601');
INSERT INTO approle_appgroup (approle_code, appgroup_id, rowidentifier, rowversion, change_action, change_user, change_time) VALUES ('removeRestriction', 'admin-group-id', 'd92db4fc-2ee5-11e6-9783-d32ca49f4ff6', 1, 'i', 'db:postgres', '2016-06-10 10:32:20.601');
INSERT INTO approle_appgroup (approle_code, appgroup_id, rowidentifier, rowversion, change_action, change_user, change_time) VALUES ('removeRight', 'admin-group-id', 'd92db4fc-2ee5-11e6-bf5a-4fcff8d15df3', 1, 'i', 'db:postgres', '2016-06-10 10:32:20.601');
INSERT INTO approle_appgroup (approle_code, appgroup_id, rowidentifier, rowversion, change_action, change_user, change_time) VALUES ('ReportGender', 'admin-group-id', 'd92db4fc-2ee5-11e6-a795-471457bac73f', 1, 'i', 'db:postgres', '2016-06-10 10:32:20.601');
INSERT INTO approle_appgroup (approle_code, appgroup_id, rowidentifier, rowversion, change_action, change_user, change_time) VALUES ('ReportGenerate', 'admin-group-id', 'd92db4fc-2ee5-11e6-b7a5-fb412b5ad59d', 1, 'i', 'db:postgres', '2016-06-10 10:32:20.601');
INSERT INTO approle_appgroup (approle_code, appgroup_id, rowidentifier, rowversion, change_action, change_user, change_time) VALUES ('RevertService', 'admin-group-id', 'd92db4fc-2ee5-11e6-9cb7-c7ff892a0a61', 1, 'i', 'db:postgres', '2016-06-10 10:32:20.601');
INSERT INTO approle_appgroup (approle_code, appgroup_id, rowidentifier, rowversion, change_action, change_user, change_time) VALUES ('RHSave', 'admin-group-id', 'd92db4fc-2ee5-11e6-95b6-ebc132c1b52b', 1, 'i', 'db:postgres', '2016-06-10 10:32:20.601');
INSERT INTO approle_appgroup (approle_code, appgroup_id, rowidentifier, rowversion, change_action, change_user, change_time) VALUES ('RightsExport', 'admin-group-id', 'd92db4fc-2ee5-11e6-9be4-a310593379c9', 1, 'i', 'db:postgres', '2016-06-10 10:32:20.601');
INSERT INTO approle_appgroup (approle_code, appgroup_id, rowidentifier, rowversion, change_action, change_user, change_time) VALUES ('serviceEnquiry', 'admin-group-id', 'd92f3b9c-2ee5-11e6-932b-7b867782dfa4', 1, 'i', 'db:postgres', '2016-06-10 10:32:20.601');
INSERT INTO approle_appgroup (approle_code, appgroup_id, rowidentifier, rowversion, change_action, change_user, change_time) VALUES ('servitude', 'admin-group-id', 'd92f3b9c-2ee5-11e6-a48f-2b10f4073b2f', 1, 'i', 'db:postgres', '2016-06-10 10:32:20.601');
INSERT INTO approle_appgroup (approle_code, appgroup_id, rowidentifier, rowversion, change_action, change_user, change_time) VALUES ('SourcePrint', 'admin-group-id', 'd92f3b9c-2ee5-11e6-bf64-d33859ed8b4f', 1, 'i', 'db:postgres', '2016-06-10 10:32:20.601');
INSERT INTO approle_appgroup (approle_code, appgroup_id, rowidentifier, rowversion, change_action, change_user, change_time) VALUES ('SourceSave', 'admin-group-id', 'd92f3b9c-2ee5-11e6-8442-572d576f325d', 1, 'i', 'db:postgres', '2016-06-10 10:32:20.601');
INSERT INTO approle_appgroup (approle_code, appgroup_id, rowidentifier, rowversion, change_action, change_user, change_time) VALUES ('SourceSearch', 'admin-group-id', 'd92f3b9c-2ee5-11e6-9147-e3d9e3dbe4d4', 1, 'i', 'db:postgres', '2016-06-10 10:32:20.601');
INSERT INTO approle_appgroup (approle_code, appgroup_id, rowidentifier, rowversion, change_action, change_user, change_time) VALUES ('StartService', 'admin-group-id', 'd930c23c-2ee5-11e6-8638-678bd134283b', 1, 'i', 'db:postgres', '2016-06-10 10:32:20.601');
INSERT INTO approle_appgroup (approle_code, appgroup_id, rowidentifier, rowversion, change_action, change_user, change_time) VALUES ('surveyPlanCopy', 'admin-group-id', 'd930c23c-2ee5-11e6-8800-a7e9d00dfc1a', 1, 'i', 'db:postgres', '2016-06-10 10:32:20.601');
INSERT INTO approle_appgroup (approle_code, appgroup_id, rowidentifier, rowversion, change_action, change_user, change_time) VALUES ('systematicRegn', 'admin-group-id', 'd930c23c-2ee5-11e6-b637-57286302cfc3', 1, 'i', 'db:postgres', '2016-06-10 10:32:20.601');
INSERT INTO approle_appgroup (approle_code, appgroup_id, rowidentifier, rowversion, change_action, change_user, change_time) VALUES ('titleSearch', 'admin-group-id', 'd93248dc-2ee5-11e6-b79d-4b036ffec051', 1, 'i', 'db:postgres', '2016-06-10 10:32:20.601');
INSERT INTO approle_appgroup (approle_code, appgroup_id, rowidentifier, rowversion, change_action, change_user, change_time) VALUES ('TransactionCommit', 'admin-group-id', 'd93248dc-2ee5-11e6-9c2f-7f3ad123a117', 1, 'i', 'db:postgres', '2016-06-10 10:32:20.601');
INSERT INTO approle_appgroup (approle_code, appgroup_id, rowidentifier, rowversion, change_action, change_user, change_time) VALUES ('varyCaveat', 'admin-group-id', 'd93248dc-2ee5-11e6-a822-cf6ab36af983', 1, 'i', 'db:postgres', '2016-06-10 10:32:20.601');
INSERT INTO approle_appgroup (approle_code, appgroup_id, rowidentifier, rowversion, change_action, change_user, change_time) VALUES ('varyLease', 'admin-group-id', 'd93248dc-2ee5-11e6-ae2c-f7d43b4d2005', 1, 'i', 'db:postgres', '2016-06-10 10:32:20.601');
INSERT INTO approle_appgroup (approle_code, appgroup_id, rowidentifier, rowversion, change_action, change_user, change_time) VALUES ('varyMortgage', 'admin-group-id', 'd93248dc-2ee5-11e6-a469-1f92d8b83105', 1, 'i', 'db:postgres', '2016-06-10 10:32:20.601');
INSERT INTO approle_appgroup (approle_code, appgroup_id, rowidentifier, rowversion, change_action, change_user, change_time) VALUES ('varyRight', 'admin-group-id', 'd93248dc-2ee5-11e6-a3cf-6baa4f25311f', 1, 'i', 'db:postgres', '2016-06-10 10:32:20.601');
INSERT INTO approle_appgroup (approle_code, appgroup_id, rowidentifier, rowversion, change_action, change_user, change_time) VALUES ('ViewMap', 'admin-group-id', 'd93248dc-2ee5-11e6-ad00-db8851a16687', 1, 'i', 'db:postgres', '2016-06-10 10:32:20.601');
INSERT INTO approle_appgroup (approle_code, appgroup_id, rowidentifier, rowversion, change_action, change_user, change_time) VALUES ('ApplnView', 'oarg-group-id', 'd933cf7c-2ee5-11e6-a837-83e53cd17c4a', 1, 'i', 'db:postgres', '2016-06-10 10:32:20.601');
INSERT INTO approle_appgroup (approle_code, appgroup_id, rowidentifier, rowversion, change_action, change_user, change_time) VALUES ('cadastrePrint', 'oarg-group-id', 'd933cf7c-2ee5-11e6-85e7-43e67a548db9', 1, 'i', 'db:postgres', '2016-06-10 10:32:20.601');
INSERT INTO approle_appgroup (approle_code, appgroup_id, rowidentifier, rowversion, change_action, change_user, change_time) VALUES ('ChangePassword', 'oarg-group-id', 'd933cf7c-2ee5-11e6-96c4-636ac9ed2dba', 1, 'i', 'db:postgres', '2016-06-10 10:32:20.601');
INSERT INTO approle_appgroup (approle_code, appgroup_id, rowidentifier, rowversion, change_action, change_user, change_time) VALUES ('DashbrdViewAssign', 'oarg-group-id', 'd933cf7c-2ee5-11e6-aa1b-5bf7cc2a3736', 1, 'i', 'db:postgres', '2016-06-10 10:32:20.601');
INSERT INTO approle_appgroup (approle_code, appgroup_id, rowidentifier, rowversion, change_action, change_user, change_time) VALUES ('DashbrdViewUnassign', 'oarg-group-id', 'd933cf7c-2ee5-11e6-9527-9f7523ec73fb', 1, 'i', 'db:postgres', '2016-06-10 10:32:20.601');
INSERT INTO approle_appgroup (approle_code, appgroup_id, rowidentifier, rowversion, change_action, change_user, change_time) VALUES ('documentCopy', 'oarg-group-id', 'd933cf7c-2ee5-11e6-bf40-cf2c1235792b', 1, 'i', 'db:postgres', '2016-06-10 10:32:20.601');
INSERT INTO approle_appgroup (approle_code, appgroup_id, rowidentifier, rowversion, change_action, change_user, change_time) VALUES ('ManageSecurity', 'oarg-group-id', 'd933cf7c-2ee5-11e6-b1e3-8be236430497', 1, 'i', 'db:postgres', '2016-06-10 10:32:20.601');
INSERT INTO approle_appgroup (approle_code, appgroup_id, rowidentifier, rowversion, change_action, change_user, change_time) VALUES ('ManageSettings', 'oarg-group-id', 'd935561c-2ee5-11e6-912e-1b5fdf73410a', 1, 'i', 'db:postgres', '2016-06-10 10:32:20.601');
INSERT INTO approle_appgroup (approle_code, appgroup_id, rowidentifier, rowversion, change_action, change_user, change_time) VALUES ('NoPasswordExpiry', 'oarg-group-id', 'd935561c-2ee5-11e6-9103-63f613bbc188', 1, 'i', 'db:postgres', '2016-06-10 10:32:20.601');
INSERT INTO approle_appgroup (approle_code, appgroup_id, rowidentifier, rowversion, change_action, change_user, change_time) VALUES ('PartySearch', 'oarg-group-id', 'd935561c-2ee5-11e6-a7a7-2f00674a9f9b', 1, 'i', 'db:postgres', '2016-06-10 10:32:20.601');
INSERT INTO approle_appgroup (approle_code, appgroup_id, rowidentifier, rowversion, change_action, change_user, change_time) VALUES ('ReportGender', 'oarg-group-id', 'd935561c-2ee5-11e6-9def-7b9040ec97f3', 1, 'i', 'db:postgres', '2016-06-10 10:32:20.601');
INSERT INTO approle_appgroup (approle_code, appgroup_id, rowidentifier, rowversion, change_action, change_user, change_time) VALUES ('ReportGenerate', 'oarg-group-id', 'd935561c-2ee5-11e6-9928-03cf63a6d627', 1, 'i', 'db:postgres', '2016-06-10 10:32:20.601');
INSERT INTO approle_appgroup (approle_code, appgroup_id, rowidentifier, rowversion, change_action, change_user, change_time) VALUES ('serviceEnquiry', 'oarg-group-id', 'd935561c-2ee5-11e6-8f0f-f79c0484167e', 1, 'i', 'db:postgres', '2016-06-10 10:32:20.601');
INSERT INTO approle_appgroup (approle_code, appgroup_id, rowidentifier, rowversion, change_action, change_user, change_time) VALUES ('SourcePrint', 'oarg-group-id', 'd936dcbc-2ee5-11e6-b172-abd6bbaad8e3', 1, 'i', 'db:postgres', '2016-06-10 10:32:20.601');
INSERT INTO approle_appgroup (approle_code, appgroup_id, rowidentifier, rowversion, change_action, change_user, change_time) VALUES ('SourceSearch', 'oarg-group-id', 'd936dcbc-2ee5-11e6-afa4-d72f4b609a65', 1, 'i', 'db:postgres', '2016-06-10 10:32:20.601');
INSERT INTO approle_appgroup (approle_code, appgroup_id, rowidentifier, rowversion, change_action, change_user, change_time) VALUES ('titleSearch', 'oarg-group-id', 'd936dcbc-2ee5-11e6-9fee-638b75a75af5', 1, 'i', 'db:postgres', '2016-06-10 10:32:20.601');
INSERT INTO approle_appgroup (approle_code, appgroup_id, rowidentifier, rowversion, change_action, change_user, change_time) VALUES ('ViewMap', 'oarg-group-id', 'd936dcbc-2ee5-11e6-92bf-3fa3e2d362d4', 1, 'i', 'db:postgres', '2016-06-10 10:32:20.601');
INSERT INTO approle_appgroup (approle_code, appgroup_id, rowidentifier, rowversion, change_action, change_user, change_time) VALUES ('ApplnAssignSelf', 'charting-group-id', 'd936dcbc-2ee5-11e6-a1ce-33e1f87c0f3b', 1, 'i', 'db:postgres', '2016-06-10 10:32:20.601');
INSERT INTO approle_appgroup (approle_code, appgroup_id, rowidentifier, rowversion, change_action, change_user, change_time) VALUES ('ApplnCreate', 'charting-group-id', 'd936dcbc-2ee5-11e6-b319-3fef49ea9de8', 1, 'i', 'db:postgres', '2016-06-10 10:32:20.601');
INSERT INTO approle_appgroup (approle_code, appgroup_id, rowidentifier, rowversion, change_action, change_user, change_time) VALUES ('ApplnEdit', 'charting-group-id', 'd938635c-2ee5-11e6-863b-0fbd948db95b', 1, 'i', 'db:postgres', '2016-06-10 10:32:20.601');
INSERT INTO approle_appgroup (approle_code, appgroup_id, rowidentifier, rowversion, change_action, change_user, change_time) VALUES ('ApplnStatus', 'charting-group-id', 'd938635c-2ee5-11e6-8566-4fbe9fbb0f83', 1, 'i', 'db:postgres', '2016-06-10 10:32:20.601');
INSERT INTO approle_appgroup (approle_code, appgroup_id, rowidentifier, rowversion, change_action, change_user, change_time) VALUES ('ApplnUnassignSelf', 'charting-group-id', 'd938635c-2ee5-11e6-9d5a-0b35e536af5d', 1, 'i', 'db:postgres', '2016-06-10 10:32:20.601');
INSERT INTO approle_appgroup (approle_code, appgroup_id, rowidentifier, rowversion, change_action, change_user, change_time) VALUES ('ApplnValidate', 'charting-group-id', 'd938635c-2ee5-11e6-a447-53c6df29cb20', 1, 'i', 'db:postgres', '2016-06-10 10:32:20.601');
INSERT INTO approle_appgroup (approle_code, appgroup_id, rowidentifier, rowversion, change_action, change_user, change_time) VALUES ('ApplnView', 'charting-group-id', 'd938635c-2ee5-11e6-9a7a-5f46b09f4b61', 1, 'i', 'db:postgres', '2016-06-10 10:32:20.601');
INSERT INTO approle_appgroup (approle_code, appgroup_id, rowidentifier, rowversion, change_action, change_user, change_time) VALUES ('cadastreChange', 'charting-group-id', 'd938635c-2ee5-11e6-80cc-b7fe7e446938', 1, 'i', 'db:postgres', '2016-06-10 10:32:20.601');
INSERT INTO approle_appgroup (approle_code, appgroup_id, rowidentifier, rowversion, change_action, change_user, change_time) VALUES ('cadastrePrint', 'charting-group-id', 'd939e9fc-2ee5-11e6-9178-bf50837fd3ff', 1, 'i', 'db:postgres', '2016-06-10 10:32:20.601');
INSERT INTO approle_appgroup (approle_code, appgroup_id, rowidentifier, rowversion, change_action, change_user, change_time) VALUES ('CancelService', 'charting-group-id', 'd939e9fc-2ee5-11e6-aec1-5730ae6c7b42', 1, 'i', 'db:postgres', '2016-06-10 10:32:20.601');
INSERT INTO approle_appgroup (approle_code, appgroup_id, rowidentifier, rowversion, change_action, change_user, change_time) VALUES ('ChangePassword', 'charting-group-id', 'd939e9fc-2ee5-11e6-9929-134f1a65f2f9', 1, 'i', 'db:postgres', '2016-06-10 10:32:20.601');
INSERT INTO approle_appgroup (approle_code, appgroup_id, rowidentifier, rowversion, change_action, change_user, change_time) VALUES ('cnclStandardDocument', 'charting-group-id', 'd939e9fc-2ee5-11e6-947b-9f3837387d2a', 1, 'i', 'db:postgres', '2016-06-10 10:32:20.601');
INSERT INTO approle_appgroup (approle_code, appgroup_id, rowidentifier, rowversion, change_action, change_user, change_time) VALUES ('DashbrdViewAssign', 'charting-group-id', 'd939e9fc-2ee5-11e6-a74d-3b92c05636be', 1, 'i', 'db:postgres', '2016-06-10 10:32:20.601');
INSERT INTO approle_appgroup (approle_code, appgroup_id, rowidentifier, rowversion, change_action, change_user, change_time) VALUES ('DashbrdViewUnassign', 'charting-group-id', 'd939e9fc-2ee5-11e6-9e60-3709240c6d98', 1, 'i', 'db:postgres', '2016-06-10 10:32:20.601');
INSERT INTO approle_appgroup (approle_code, appgroup_id, rowidentifier, rowversion, change_action, change_user, change_time) VALUES ('documentCopy', 'charting-group-id', 'd93b709c-2ee5-11e6-a843-93b5ae6670a3', 1, 'i', 'db:postgres', '2016-06-10 10:32:20.601');
INSERT INTO approle_appgroup (approle_code, appgroup_id, rowidentifier, rowversion, change_action, change_user, change_time) VALUES ('ExportMap', 'charting-group-id', 'd93b709c-2ee5-11e6-ab0d-0fa6b664e2d9', 1, 'i', 'db:postgres', '2016-06-10 10:32:20.601');
INSERT INTO approle_appgroup (approle_code, appgroup_id, rowidentifier, rowversion, change_action, change_user, change_time) VALUES ('historicOrder', 'charting-group-id', 'd93b709c-2ee5-11e6-a972-73b74a3e4c96', 1, 'i', 'db:postgres', '2016-06-10 10:32:20.601');
INSERT INTO approle_appgroup (approle_code, appgroup_id, rowidentifier, rowversion, change_action, change_user, change_time) VALUES ('ManageSecurity', 'charting-group-id', 'd93b709c-2ee5-11e6-9a15-4ffa5b49cdce', 1, 'i', 'db:postgres', '2016-06-10 10:32:20.601');
INSERT INTO approle_appgroup (approle_code, appgroup_id, rowidentifier, rowversion, change_action, change_user, change_time) VALUES ('ManageSettings', 'charting-group-id', 'd93b709c-2ee5-11e6-9282-cf9982074653', 1, 'i', 'db:postgres', '2016-06-10 10:32:20.601');
INSERT INTO approle_appgroup (approle_code, appgroup_id, rowidentifier, rowversion, change_action, change_user, change_time) VALUES ('mapExistingParcel', 'charting-group-id', 'd93b709c-2ee5-11e6-a354-d3d1c925e733', 1, 'i', 'db:postgres', '2016-06-10 10:32:20.601');
INSERT INTO approle_appgroup (approle_code, appgroup_id, rowidentifier, rowversion, change_action, change_user, change_time) VALUES ('MapFeatureEditor', 'charting-group-id', 'd93cf73c-2ee5-11e6-bd3b-ff3fd2f0cbaf', 1, 'i', 'db:postgres', '2016-06-10 10:32:20.601');
INSERT INTO approle_appgroup (approle_code, appgroup_id, rowidentifier, rowversion, change_action, change_user, change_time) VALUES ('MapZoneEditor', 'charting-group-id', 'd93cf73c-2ee5-11e6-baaf-832a5af40a4f', 1, 'i', 'db:postgres', '2016-06-10 10:32:20.601');
INSERT INTO approle_appgroup (approle_code, appgroup_id, rowidentifier, rowversion, change_action, change_user, change_time) VALUES ('newParcel', 'charting-group-id', 'd93cf73c-2ee5-11e6-931b-e3473ec55d3f', 1, 'i', 'db:postgres', '2016-06-10 10:32:20.601');
INSERT INTO approle_appgroup (approle_code, appgroup_id, rowidentifier, rowversion, change_action, change_user, change_time) VALUES ('NoPasswordExpiry', 'charting-group-id', 'd93cf73c-2ee5-11e6-898e-53b3f89a58cc', 1, 'i', 'db:postgres', '2016-06-10 10:32:20.601');
INSERT INTO approle_appgroup (approle_code, appgroup_id, rowidentifier, rowversion, change_action, change_user, change_time) VALUES ('ParcelSave', 'charting-group-id', 'd93cf73c-2ee5-11e6-a0d3-6b8eeddb7e9f', 1, 'i', 'db:postgres', '2016-06-10 10:32:20.601');
INSERT INTO approle_appgroup (approle_code, appgroup_id, rowidentifier, rowversion, change_action, change_user, change_time) VALUES ('PartySave', 'charting-group-id', 'd93cf73c-2ee5-11e6-82a4-aba2d2380634', 1, 'i', 'db:postgres', '2016-06-10 10:32:20.601');
INSERT INTO approle_appgroup (approle_code, appgroup_id, rowidentifier, rowversion, change_action, change_user, change_time) VALUES ('PartySearch', 'charting-group-id', 'd93e7ddc-2ee5-11e6-a641-bb4e78af65f1', 1, 'i', 'db:postgres', '2016-06-10 10:32:20.601');
INSERT INTO approle_appgroup (approle_code, appgroup_id, rowidentifier, rowversion, change_action, change_user, change_time) VALUES ('PrintMap', 'charting-group-id', 'd93e7ddc-2ee5-11e6-a9c0-63a899275e4e', 1, 'i', 'db:postgres', '2016-06-10 10:32:20.601');
INSERT INTO approle_appgroup (approle_code, appgroup_id, rowidentifier, rowversion, change_action, change_user, change_time) VALUES ('redefineCadastre', 'charting-group-id', 'd93e7ddc-2ee5-11e6-8e0b-ff1a460eeb1c', 1, 'i', 'db:postgres', '2016-06-10 10:32:20.601');
INSERT INTO approle_appgroup (approle_code, appgroup_id, rowidentifier, rowversion, change_action, change_user, change_time) VALUES ('ReportGender', 'charting-group-id', 'd93e7ddc-2ee5-11e6-93b9-af089b689a47', 1, 'i', 'db:postgres', '2016-06-10 10:32:20.601');
INSERT INTO approle_appgroup (approle_code, appgroup_id, rowidentifier, rowversion, change_action, change_user, change_time) VALUES ('ReportGenerate', 'charting-group-id', 'd93e7ddc-2ee5-11e6-ac79-43b8edfc72a5', 1, 'i', 'db:postgres', '2016-06-10 10:32:20.601');
INSERT INTO approle_appgroup (approle_code, appgroup_id, rowidentifier, rowversion, change_action, change_user, change_time) VALUES ('RevertService', 'charting-group-id', 'd93e7ddc-2ee5-11e6-b980-1febf2428263', 1, 'i', 'db:postgres', '2016-06-10 10:32:20.601');
INSERT INTO approle_appgroup (approle_code, appgroup_id, rowidentifier, rowversion, change_action, change_user, change_time) VALUES ('serviceEnquiry', 'charting-group-id', 'd93e7ddc-2ee5-11e6-932b-0b8ee6356c2e', 1, 'i', 'db:postgres', '2016-06-10 10:32:20.601');
INSERT INTO approle_appgroup (approle_code, appgroup_id, rowidentifier, rowversion, change_action, change_user, change_time) VALUES ('SourcePrint', 'charting-group-id', 'd940047c-2ee5-11e6-9b8b-83448f7b61ed', 1, 'i', 'db:postgres', '2016-06-10 10:32:20.601');
INSERT INTO approle_appgroup (approle_code, appgroup_id, rowidentifier, rowversion, change_action, change_user, change_time) VALUES ('SourceSave', 'charting-group-id', 'd940047c-2ee5-11e6-b9f2-aff1437972b0', 1, 'i', 'db:postgres', '2016-06-10 10:32:20.601');
INSERT INTO approle_appgroup (approle_code, appgroup_id, rowidentifier, rowversion, change_action, change_user, change_time) VALUES ('SourceSearch', 'charting-group-id', 'd940047c-2ee5-11e6-b3f5-b7345d2b84ba', 1, 'i', 'db:postgres', '2016-06-10 10:32:20.601');
INSERT INTO approle_appgroup (approle_code, appgroup_id, rowidentifier, rowversion, change_action, change_user, change_time) VALUES ('StartService', 'charting-group-id', 'd940047c-2ee5-11e6-8079-53a5743b4059', 1, 'i', 'db:postgres', '2016-06-10 10:32:20.601');
INSERT INTO approle_appgroup (approle_code, appgroup_id, rowidentifier, rowversion, change_action, change_user, change_time) VALUES ('surveyPlanCopy', 'charting-group-id', 'd940047c-2ee5-11e6-a645-73bba80268db', 1, 'i', 'db:postgres', '2016-06-10 10:32:20.601');
INSERT INTO approle_appgroup (approle_code, appgroup_id, rowidentifier, rowversion, change_action, change_user, change_time) VALUES ('titleSearch', 'charting-group-id', 'd940047c-2ee5-11e6-89aa-c7f1ddb018a9', 1, 'i', 'db:postgres', '2016-06-10 10:32:20.601');
INSERT INTO approle_appgroup (approle_code, appgroup_id, rowidentifier, rowversion, change_action, change_user, change_time) VALUES ('TransactionCommit', 'charting-group-id', 'd940047c-2ee5-11e6-86a7-ffb9e45f3b3d', 1, 'i', 'db:postgres', '2016-06-10 10:32:20.601');
INSERT INTO approle_appgroup (approle_code, appgroup_id, rowidentifier, rowversion, change_action, change_user, change_time) VALUES ('ViewMap', 'charting-group-id', 'd9418b1c-2ee5-11e6-9300-6bc124b4aaff', 1, 'i', 'db:postgres', '2016-06-10 10:32:20.601');
INSERT INTO approle_appgroup (approle_code, appgroup_id, rowidentifier, rowversion, change_action, change_user, change_time) VALUES ('ApplnView', 'secretary-group-id', 'd9418b1c-2ee5-11e6-9a55-eb40efbe5c69', 1, 'i', 'db:postgres', '2016-06-10 10:32:20.601');
INSERT INTO approle_appgroup (approle_code, appgroup_id, rowidentifier, rowversion, change_action, change_user, change_time) VALUES ('cadastrePrint', 'secretary-group-id', 'd9418b1c-2ee5-11e6-808b-b7b47745584f', 1, 'i', 'db:postgres', '2016-06-10 10:32:20.601');
INSERT INTO approle_appgroup (approle_code, appgroup_id, rowidentifier, rowversion, change_action, change_user, change_time) VALUES ('ChangePassword', 'secretary-group-id', 'd9418b1c-2ee5-11e6-8361-a3a39e63aee4', 1, 'i', 'db:postgres', '2016-06-10 10:32:20.601');
INSERT INTO approle_appgroup (approle_code, appgroup_id, rowidentifier, rowversion, change_action, change_user, change_time) VALUES ('DashbrdViewAssign', 'secretary-group-id', 'd9418b1c-2ee5-11e6-a4c4-93897257fcbd', 1, 'i', 'db:postgres', '2016-06-10 10:32:20.601');
INSERT INTO approle_appgroup (approle_code, appgroup_id, rowidentifier, rowversion, change_action, change_user, change_time) VALUES ('DashbrdViewUnassign', 'secretary-group-id', 'd9418b1c-2ee5-11e6-9ab4-2b53a68a0f72', 1, 'i', 'db:postgres', '2016-06-10 10:32:20.601');
INSERT INTO approle_appgroup (approle_code, appgroup_id, rowidentifier, rowversion, change_action, change_user, change_time) VALUES ('documentCopy', 'secretary-group-id', 'd94311bc-2ee5-11e6-9555-db2bffd8666b', 1, 'i', 'db:postgres', '2016-06-10 10:32:20.601');
INSERT INTO approle_appgroup (approle_code, appgroup_id, rowidentifier, rowversion, change_action, change_user, change_time) VALUES ('ManageSecurity', 'secretary-group-id', 'd94311bc-2ee5-11e6-96a2-b74fa9b2b84f', 1, 'i', 'db:postgres', '2016-06-10 10:32:20.601');
INSERT INTO approle_appgroup (approle_code, appgroup_id, rowidentifier, rowversion, change_action, change_user, change_time) VALUES ('ManageSettings', 'secretary-group-id', 'd94311bc-2ee5-11e6-95d2-179f37de4912', 1, 'i', 'db:postgres', '2016-06-10 10:32:20.601');
INSERT INTO approle_appgroup (approle_code, appgroup_id, rowidentifier, rowversion, change_action, change_user, change_time) VALUES ('NoPasswordExpiry', 'secretary-group-id', 'd94311bc-2ee5-11e6-a3bf-3b6e27915792', 1, 'i', 'db:postgres', '2016-06-10 10:32:20.601');
INSERT INTO approle_appgroup (approle_code, appgroup_id, rowidentifier, rowversion, change_action, change_user, change_time) VALUES ('PartySearch', 'secretary-group-id', 'd94311bc-2ee5-11e6-becb-13120505fc83', 1, 'i', 'db:postgres', '2016-06-10 10:32:20.601');
INSERT INTO approle_appgroup (approle_code, appgroup_id, rowidentifier, rowversion, change_action, change_user, change_time) VALUES ('PrintMap', 'secretary-group-id', 'd94311bc-2ee5-11e6-8e91-23a0dc866030', 1, 'i', 'db:postgres', '2016-06-10 10:32:20.601');
INSERT INTO approle_appgroup (approle_code, appgroup_id, rowidentifier, rowversion, change_action, change_user, change_time) VALUES ('ReportGender', 'secretary-group-id', 'd94311bc-2ee5-11e6-a457-37f21b5f80f4', 1, 'i', 'db:postgres', '2016-06-10 10:32:20.601');
INSERT INTO approle_appgroup (approle_code, appgroup_id, rowidentifier, rowversion, change_action, change_user, change_time) VALUES ('serviceEnquiry', 'secretary-group-id', 'd944985c-2ee5-11e6-a55a-3b01120465a8', 1, 'i', 'db:postgres', '2016-06-10 10:32:20.601');
INSERT INTO approle_appgroup (approle_code, appgroup_id, rowidentifier, rowversion, change_action, change_user, change_time) VALUES ('SourcePrint', 'secretary-group-id', 'd944985c-2ee5-11e6-b050-b365f9881eb0', 1, 'i', 'db:postgres', '2016-06-10 10:32:20.601');
INSERT INTO approle_appgroup (approle_code, appgroup_id, rowidentifier, rowversion, change_action, change_user, change_time) VALUES ('SourceSearch', 'secretary-group-id', 'd944985c-2ee5-11e6-91e5-93dff3d95820', 1, 'i', 'db:postgres', '2016-06-10 10:32:20.601');
INSERT INTO approle_appgroup (approle_code, appgroup_id, rowidentifier, rowversion, change_action, change_user, change_time) VALUES ('titleSearch', 'secretary-group-id', 'd944985c-2ee5-11e6-9860-ff87da0cde5f', 1, 'i', 'db:postgres', '2016-06-10 10:32:20.601');
INSERT INTO approle_appgroup (approle_code, appgroup_id, rowidentifier, rowversion, change_action, change_user, change_time) VALUES ('ViewMap', 'secretary-group-id', 'd944985c-2ee5-11e6-9af3-4f6108dd7187', 1, 'i', 'db:postgres', '2016-06-10 10:32:20.601');
INSERT INTO approle_appgroup (approle_code, appgroup_id, rowidentifier, rowversion, change_action, change_user, change_time) VALUES ('ApplnApprove', 'director-group-id', 'd944985c-2ee5-11e6-af95-e38e87a47f5c', 1, 'i', 'db:postgres', '2016-06-10 10:32:20.601');
INSERT INTO approle_appgroup (approle_code, appgroup_id, rowidentifier, rowversion, change_action, change_user, change_time) VALUES ('ApplnAssignOthers', 'director-group-id', 'd944985c-2ee5-11e6-93d4-3311c9d4fe50', 1, 'i', 'db:postgres', '2016-06-10 10:32:20.601');
INSERT INTO approle_appgroup (approle_code, appgroup_id, rowidentifier, rowversion, change_action, change_user, change_time) VALUES ('ApplnAssignSelf', 'director-group-id', 'd9461efc-2ee5-11e6-b94a-f3beb9e2bce3', 1, 'i', 'db:postgres', '2016-06-10 10:32:20.601');
INSERT INTO approle_appgroup (approle_code, appgroup_id, rowidentifier, rowversion, change_action, change_user, change_time) VALUES ('ApplnStatus', 'director-group-id', 'd9461efc-2ee5-11e6-8dc2-1b00d3406f24', 1, 'i', 'db:postgres', '2016-06-10 10:32:20.601');
INSERT INTO approle_appgroup (approle_code, appgroup_id, rowidentifier, rowversion, change_action, change_user, change_time) VALUES ('ApplnUnassignOthers', 'director-group-id', 'd9461efc-2ee5-11e6-bedb-1bf47811a3c0', 1, 'i', 'db:postgres', '2016-06-10 10:32:20.601');
INSERT INTO approle_appgroup (approle_code, appgroup_id, rowidentifier, rowversion, change_action, change_user, change_time) VALUES ('ApplnUnassignSelf', 'director-group-id', 'd9461efc-2ee5-11e6-a248-1fc1e0a79b6c', 1, 'i', 'db:postgres', '2016-06-10 10:32:20.601');
INSERT INTO approle_appgroup (approle_code, appgroup_id, rowidentifier, rowversion, change_action, change_user, change_time) VALUES ('ApplnView', 'director-group-id', 'd9461efc-2ee5-11e6-a3fc-733255e282b4', 1, 'i', 'db:postgres', '2016-06-10 10:32:20.601');
INSERT INTO approle_appgroup (approle_code, appgroup_id, rowidentifier, rowversion, change_action, change_user, change_time) VALUES ('cadastrePrint', 'director-group-id', 'd9461efc-2ee5-11e6-a5cb-eb3d8b4338f0', 1, 'i', 'db:postgres', '2016-06-10 10:32:20.601');
INSERT INTO approle_appgroup (approle_code, appgroup_id, rowidentifier, rowversion, change_action, change_user, change_time) VALUES ('ChangePassword', 'director-group-id', 'd9461efc-2ee5-11e6-ad40-cf75d26a4062', 1, 'i', 'db:postgres', '2016-06-10 10:32:20.601');
INSERT INTO approle_appgroup (approle_code, appgroup_id, rowidentifier, rowversion, change_action, change_user, change_time) VALUES ('DashbrdViewAssign', 'director-group-id', 'd947a59c-2ee5-11e6-bf71-dbd0878c07c5', 1, 'i', 'db:postgres', '2016-06-10 10:32:20.601');
INSERT INTO approle_appgroup (approle_code, appgroup_id, rowidentifier, rowversion, change_action, change_user, change_time) VALUES ('DashbrdViewUnassign', 'director-group-id', 'd947a59c-2ee5-11e6-abd5-df69f7ebe43d', 1, 'i', 'db:postgres', '2016-06-10 10:32:20.601');
INSERT INTO approle_appgroup (approle_code, appgroup_id, rowidentifier, rowversion, change_action, change_user, change_time) VALUES ('documentCopy', 'director-group-id', 'd947a59c-2ee5-11e6-b089-07175050cd2e', 1, 'i', 'db:postgres', '2016-06-10 10:32:20.601');
INSERT INTO approle_appgroup (approle_code, appgroup_id, rowidentifier, rowversion, change_action, change_user, change_time) VALUES ('ExportMap', 'director-group-id', 'd947a59c-2ee5-11e6-b5f7-3bc8e8813f06', 1, 'i', 'db:postgres', '2016-06-10 10:32:20.601');
INSERT INTO approle_appgroup (approle_code, appgroup_id, rowidentifier, rowversion, change_action, change_user, change_time) VALUES ('ManageSecurity', 'director-group-id', 'd947a59c-2ee5-11e6-a4f0-07f17bee1bdf', 1, 'i', 'db:postgres', '2016-06-10 10:32:20.601');
INSERT INTO approle_appgroup (approle_code, appgroup_id, rowidentifier, rowversion, change_action, change_user, change_time) VALUES ('ManageSettings', 'director-group-id', 'd947a59c-2ee5-11e6-b260-6fec9bc83246', 1, 'i', 'db:postgres', '2016-06-10 10:32:20.601');
INSERT INTO approle_appgroup (approle_code, appgroup_id, rowidentifier, rowversion, change_action, change_user, change_time) VALUES ('NoPasswordExpiry', 'director-group-id', 'd9492c3c-2ee5-11e6-93d0-5796d3d123f9', 1, 'i', 'db:postgres', '2016-06-10 10:32:20.601');
INSERT INTO approle_appgroup (approle_code, appgroup_id, rowidentifier, rowversion, change_action, change_user, change_time) VALUES ('PrintMap', 'director-group-id', 'd9492c3c-2ee5-11e6-9403-e345e99fd9c2', 1, 'i', 'db:postgres', '2016-06-10 10:32:20.601');
INSERT INTO approle_appgroup (approle_code, appgroup_id, rowidentifier, rowversion, change_action, change_user, change_time) VALUES ('ReportGenerate', 'director-group-id', 'd9492c3c-2ee5-11e6-a963-77433ad8537f', 1, 'i', 'db:postgres', '2016-06-10 10:32:20.601');
INSERT INTO approle_appgroup (approle_code, appgroup_id, rowidentifier, rowversion, change_action, change_user, change_time) VALUES ('serviceEnquiry', 'director-group-id', 'd9492c3c-2ee5-11e6-b653-63a03c921ec7', 1, 'i', 'db:postgres', '2016-06-10 10:32:20.601');
INSERT INTO approle_appgroup (approle_code, appgroup_id, rowidentifier, rowversion, change_action, change_user, change_time) VALUES ('SourcePrint', 'director-group-id', 'd9492c3c-2ee5-11e6-9dd1-07991399105d', 1, 'i', 'db:postgres', '2016-06-10 10:32:20.601');
INSERT INTO approle_appgroup (approle_code, appgroup_id, rowidentifier, rowversion, change_action, change_user, change_time) VALUES ('SourceSearch', 'director-group-id', 'd9492c3c-2ee5-11e6-bd4e-a7f29d121e6d', 1, 'i', 'db:postgres', '2016-06-10 10:32:20.601');
INSERT INTO approle_appgroup (approle_code, appgroup_id, rowidentifier, rowversion, change_action, change_user, change_time) VALUES ('surveyPlanCopy', 'director-group-id', 'd94ab2dc-2ee5-11e6-8764-07ed6a4574ee', 1, 'i', 'db:postgres', '2016-06-10 10:32:20.601');
INSERT INTO approle_appgroup (approle_code, appgroup_id, rowidentifier, rowversion, change_action, change_user, change_time) VALUES ('titleSearch', 'director-group-id', 'd94ab2dc-2ee5-11e6-ad5f-3b64db9d493c', 1, 'i', 'db:postgres', '2016-06-10 10:32:20.601');
INSERT INTO approle_appgroup (approle_code, appgroup_id, rowidentifier, rowversion, change_action, change_user, change_time) VALUES ('ViewMap', 'director-group-id', 'd94ab2dc-2ee5-11e6-8ada-b704f53b9656', 1, 'i', 'db:postgres', '2016-06-10 10:32:20.601');
INSERT INTO approle_appgroup (approle_code, appgroup_id, rowidentifier, rowversion, change_action, change_user, change_time) VALUES ('ApplnAssignSelf', 'finance-group-id', 'd94ab2dc-2ee5-11e6-afd0-1f8455b1b67d', 1, 'i', 'db:postgres', '2016-06-10 10:32:20.601');
INSERT INTO approle_appgroup (approle_code, appgroup_id, rowidentifier, rowversion, change_action, change_user, change_time) VALUES ('ApplnEdit', 'finance-group-id', 'd94ab2dc-2ee5-11e6-af2a-2f5ace4173b4', 1, 'i', 'db:postgres', '2016-06-10 10:32:20.601');
INSERT INTO approle_appgroup (approle_code, appgroup_id, rowidentifier, rowversion, change_action, change_user, change_time) VALUES ('ApplnStatus', 'finance-group-id', 'd94ab2dc-2ee5-11e6-bd41-abbaf88b9719', 1, 'i', 'db:postgres', '2016-06-10 10:32:20.601');
INSERT INTO approle_appgroup (approle_code, appgroup_id, rowidentifier, rowversion, change_action, change_user, change_time) VALUES ('ApplnUnassignSelf', 'finance-group-id', 'd94c397c-2ee5-11e6-8bdd-c34f7a0ca919', 1, 'i', 'db:postgres', '2016-06-10 10:32:20.601');
INSERT INTO approle_appgroup (approle_code, appgroup_id, rowidentifier, rowversion, change_action, change_user, change_time) VALUES ('ApplnValidate', 'finance-group-id', 'd94c397c-2ee5-11e6-914c-734abf0af2a1', 1, 'i', 'db:postgres', '2016-06-10 10:32:20.601');
INSERT INTO approle_appgroup (approle_code, appgroup_id, rowidentifier, rowversion, change_action, change_user, change_time) VALUES ('ApplnView', 'finance-group-id', 'd94c397c-2ee5-11e6-89ae-871f3a349faf', 1, 'i', 'db:postgres', '2016-06-10 10:32:20.601');
INSERT INTO approle_appgroup (approle_code, appgroup_id, rowidentifier, rowversion, change_action, change_user, change_time) VALUES ('ChangePassword', 'finance-group-id', 'd94c397c-2ee5-11e6-9f88-9bad38d0ebee', 1, 'i', 'db:postgres', '2016-06-10 10:32:20.601');
INSERT INTO approle_appgroup (approle_code, appgroup_id, rowidentifier, rowversion, change_action, change_user, change_time) VALUES ('DashbrdViewAssign', 'finance-group-id', 'd94c397c-2ee5-11e6-a129-473c2e3d47bd', 1, 'i', 'db:postgres', '2016-06-10 10:32:20.601');
INSERT INTO approle_appgroup (approle_code, appgroup_id, rowidentifier, rowversion, change_action, change_user, change_time) VALUES ('DashbrdViewUnassign', 'finance-group-id', 'd94c397c-2ee5-11e6-9690-a783f937f852', 1, 'i', 'db:postgres', '2016-06-10 10:32:20.601');
INSERT INTO approle_appgroup (approle_code, appgroup_id, rowidentifier, rowversion, change_action, change_user, change_time) VALUES ('documentCopy', 'finance-group-id', 'd94c397c-2ee5-11e6-b6ee-0333a9ee10f7', 1, 'i', 'db:postgres', '2016-06-10 10:32:20.601');
INSERT INTO approle_appgroup (approle_code, appgroup_id, rowidentifier, rowversion, change_action, change_user, change_time) VALUES ('SourceSearch', 'finance-group-id', 'd94dc01c-2ee5-11e6-a405-83f6b626538c', 1, 'i', 'db:postgres', '2016-06-10 10:32:20.601');
INSERT INTO approle_appgroup (approle_code, appgroup_id, rowidentifier, rowversion, change_action, change_user, change_time) VALUES ('ManageSecurity', 'finance-group-id', 'd94dc01c-2ee5-11e6-8ac4-ff293e61f25b', 1, 'i', 'db:postgres', '2016-06-10 10:32:20.601');
INSERT INTO approle_appgroup (approle_code, appgroup_id, rowidentifier, rowversion, change_action, change_user, change_time) VALUES ('ManageSettings', 'finance-group-id', 'd94dc01c-2ee5-11e6-bbc2-1739be112993', 1, 'i', 'db:postgres', '2016-06-10 10:32:20.601');
INSERT INTO approle_appgroup (approle_code, appgroup_id, rowidentifier, rowversion, change_action, change_user, change_time) VALUES ('NoPasswordExpiry', 'finance-group-id', 'd94dc01c-2ee5-11e6-bba5-5f39f8ae1af7', 1, 'i', 'db:postgres', '2016-06-10 10:32:20.601');
INSERT INTO approle_appgroup (approle_code, appgroup_id, rowidentifier, rowversion, change_action, change_user, change_time) VALUES ('serviceEnquiry', 'finance-group-id', 'd94dc01c-2ee5-11e6-9193-7f4834ac4ad8', 1, 'i', 'db:postgres', '2016-06-10 10:32:20.601');
INSERT INTO approle_appgroup (approle_code, appgroup_id, rowidentifier, rowversion, change_action, change_user, change_time) VALUES ('ApplnView', 'snr-mgmt-group-id', 'd94dc01c-2ee5-11e6-b9f2-634d88595383', 1, 'i', 'db:postgres', '2016-06-10 10:32:20.601');
INSERT INTO approle_appgroup (approle_code, appgroup_id, rowidentifier, rowversion, change_action, change_user, change_time) VALUES ('cadastrePrint', 'snr-mgmt-group-id', 'd94f46bc-2ee5-11e6-a4b4-835b34dfb05e', 1, 'i', 'db:postgres', '2016-06-10 10:32:20.601');
INSERT INTO approle_appgroup (approle_code, appgroup_id, rowidentifier, rowversion, change_action, change_user, change_time) VALUES ('ChangePassword', 'snr-mgmt-group-id', 'd94f46bc-2ee5-11e6-a756-0f4c77f4f035', 1, 'i', 'db:postgres', '2016-06-10 10:32:20.601');
INSERT INTO approle_appgroup (approle_code, appgroup_id, rowidentifier, rowversion, change_action, change_user, change_time) VALUES ('DashbrdViewAssign', 'snr-mgmt-group-id', 'd94f46bc-2ee5-11e6-bbee-17371c1956da', 1, 'i', 'db:postgres', '2016-06-10 10:32:20.601');
INSERT INTO approle_appgroup (approle_code, appgroup_id, rowidentifier, rowversion, change_action, change_user, change_time) VALUES ('DashbrdViewUnassign', 'snr-mgmt-group-id', 'd94f46bc-2ee5-11e6-bb3c-1b8ccbab6fc5', 1, 'i', 'db:postgres', '2016-06-10 10:32:20.601');
INSERT INTO approle_appgroup (approle_code, appgroup_id, rowidentifier, rowversion, change_action, change_user, change_time) VALUES ('documentCopy', 'snr-mgmt-group-id', 'd94f46bc-2ee5-11e6-916e-1f77faaae77a', 1, 'i', 'db:postgres', '2016-06-10 10:32:20.601');
INSERT INTO approle_appgroup (approle_code, appgroup_id, rowidentifier, rowversion, change_action, change_user, change_time) VALUES ('ExportMap', 'snr-mgmt-group-id', 'd94f46bc-2ee5-11e6-b250-c726f329585d', 1, 'i', 'db:postgres', '2016-06-10 10:32:20.601');
INSERT INTO approle_appgroup (approle_code, appgroup_id, rowidentifier, rowversion, change_action, change_user, change_time) VALUES ('ManageSecurity', 'snr-mgmt-group-id', 'd94f46bc-2ee5-11e6-843a-2fb2214715df', 1, 'i', 'db:postgres', '2016-06-10 10:32:20.601');
INSERT INTO approle_appgroup (approle_code, appgroup_id, rowidentifier, rowversion, change_action, change_user, change_time) VALUES ('ManageSettings', 'snr-mgmt-group-id', 'd950cd5c-2ee5-11e6-a397-b3a5cc34b346', 1, 'i', 'db:postgres', '2016-06-10 10:32:20.601');
INSERT INTO approle_appgroup (approle_code, appgroup_id, rowidentifier, rowversion, change_action, change_user, change_time) VALUES ('NoPasswordExpiry', 'snr-mgmt-group-id', 'd950cd5c-2ee5-11e6-b606-5f7c0ac6dad7', 1, 'i', 'db:postgres', '2016-06-10 10:32:20.601');
INSERT INTO approle_appgroup (approle_code, appgroup_id, rowidentifier, rowversion, change_action, change_user, change_time) VALUES ('PartySearch', 'snr-mgmt-group-id', 'd950cd5c-2ee5-11e6-b0c9-d30e75108567', 1, 'i', 'db:postgres', '2016-06-10 10:32:20.601');
INSERT INTO approle_appgroup (approle_code, appgroup_id, rowidentifier, rowversion, change_action, change_user, change_time) VALUES ('PrintMap', 'snr-mgmt-group-id', 'd950cd5c-2ee5-11e6-bdf8-63f00608efd2', 1, 'i', 'db:postgres', '2016-06-10 10:32:20.601');
INSERT INTO approle_appgroup (approle_code, appgroup_id, rowidentifier, rowversion, change_action, change_user, change_time) VALUES ('ReportGender', 'snr-mgmt-group-id', 'd950cd5c-2ee5-11e6-805f-db03001b8458', 1, 'i', 'db:postgres', '2016-06-10 10:32:20.601');
INSERT INTO approle_appgroup (approle_code, appgroup_id, rowidentifier, rowversion, change_action, change_user, change_time) VALUES ('ReportGenerate', 'snr-mgmt-group-id', 'd950cd5c-2ee5-11e6-bfc1-5ffdb4e6987f', 1, 'i', 'db:postgres', '2016-06-10 10:32:20.601');
INSERT INTO approle_appgroup (approle_code, appgroup_id, rowidentifier, rowversion, change_action, change_user, change_time) VALUES ('SourcePrint', 'snr-mgmt-group-id', 'd95253fc-2ee5-11e6-83e3-c7f2c0b70641', 1, 'i', 'db:postgres', '2016-06-10 10:32:20.601');
INSERT INTO approle_appgroup (approle_code, appgroup_id, rowidentifier, rowversion, change_action, change_user, change_time) VALUES ('SourceSearch', 'snr-mgmt-group-id', 'd95253fc-2ee5-11e6-85c0-974dc2e2470f', 1, 'i', 'db:postgres', '2016-06-10 10:32:20.601');
INSERT INTO approle_appgroup (approle_code, appgroup_id, rowidentifier, rowversion, change_action, change_user, change_time) VALUES ('surveyPlanCopy', 'snr-mgmt-group-id', 'd95253fc-2ee5-11e6-8a7d-73557f9da3a7', 1, 'i', 'db:postgres', '2016-06-10 10:32:20.601');
INSERT INTO approle_appgroup (approle_code, appgroup_id, rowidentifier, rowversion, change_action, change_user, change_time) VALUES ('titleSearch', 'snr-mgmt-group-id', 'd95253fc-2ee5-11e6-8462-333b8dcdfc2c', 1, 'i', 'db:postgres', '2016-06-10 10:32:20.601');
INSERT INTO approle_appgroup (approle_code, appgroup_id, rowidentifier, rowversion, change_action, change_user, change_time) VALUES ('ViewMap', 'snr-mgmt-group-id', 'd95253fc-2ee5-11e6-9fdc-1f7248d17bc4', 1, 'i', 'db:postgres', '2016-06-10 10:32:20.601');
INSERT INTO approle_appgroup (approle_code, appgroup_id, rowidentifier, rowversion, change_action, change_user, change_time) VALUES ('ApplnView', 'gis-group-id', 'd95253fc-2ee5-11e6-bd3a-bb49266e3dc4', 1, 'i', 'db:postgres', '2016-06-10 10:32:20.601');
INSERT INTO approle_appgroup (approle_code, appgroup_id, rowidentifier, rowversion, change_action, change_user, change_time) VALUES ('cadastrePrint', 'gis-group-id', 'd953da9c-2ee5-11e6-90cd-17e8e99d279c', 1, 'i', 'db:postgres', '2016-06-10 10:32:20.601');
INSERT INTO approle_appgroup (approle_code, appgroup_id, rowidentifier, rowversion, change_action, change_user, change_time) VALUES ('ChangePassword', 'gis-group-id', 'd953da9c-2ee5-11e6-965b-2bc89d04feb5', 1, 'i', 'db:postgres', '2016-06-10 10:32:20.601');
INSERT INTO approle_appgroup (approle_code, appgroup_id, rowidentifier, rowversion, change_action, change_user, change_time) VALUES ('DashbrdViewAssign', 'gis-group-id', 'd953da9c-2ee5-11e6-b456-432f6e5b7f5e', 1, 'i', 'db:postgres', '2016-06-10 10:32:20.601');
INSERT INTO approle_appgroup (approle_code, appgroup_id, rowidentifier, rowversion, change_action, change_user, change_time) VALUES ('DashbrdViewUnassign', 'gis-group-id', 'd953da9c-2ee5-11e6-9eff-93e93feefa86', 1, 'i', 'db:postgres', '2016-06-10 10:32:20.601');
INSERT INTO approle_appgroup (approle_code, appgroup_id, rowidentifier, rowversion, change_action, change_user, change_time) VALUES ('documentCopy', 'gis-group-id', 'd953da9c-2ee5-11e6-a713-53d7b24c7df9', 1, 'i', 'db:postgres', '2016-06-10 10:32:20.601');
INSERT INTO approle_appgroup (approle_code, appgroup_id, rowidentifier, rowversion, change_action, change_user, change_time) VALUES ('ExportMap', 'gis-group-id', 'd953da9c-2ee5-11e6-a15d-3baedf71dac3', 1, 'i', 'db:postgres', '2016-06-10 10:32:20.601');
INSERT INTO approle_appgroup (approle_code, appgroup_id, rowidentifier, rowversion, change_action, change_user, change_time) VALUES ('ManageSecurity', 'gis-group-id', 'd955613c-2ee5-11e6-a1e9-1715ebde44fc', 1, 'i', 'db:postgres', '2016-06-10 10:32:20.601');
INSERT INTO approle_appgroup (approle_code, appgroup_id, rowidentifier, rowversion, change_action, change_user, change_time) VALUES ('ManageSettings', 'gis-group-id', 'd955613c-2ee5-11e6-99cc-5fe1b047e111', 1, 'i', 'db:postgres', '2016-06-10 10:32:20.601');
INSERT INTO approle_appgroup (approle_code, appgroup_id, rowidentifier, rowversion, change_action, change_user, change_time) VALUES ('NoPasswordExpiry', 'gis-group-id', 'd955613c-2ee5-11e6-8ad1-2fdde197b1fc', 1, 'i', 'db:postgres', '2016-06-10 10:32:20.601');
INSERT INTO approle_appgroup (approle_code, appgroup_id, rowidentifier, rowversion, change_action, change_user, change_time) VALUES ('PartySearch', 'gis-group-id', 'd955613c-2ee5-11e6-a451-af3cf18e3eb9', 1, 'i', 'db:postgres', '2016-06-10 10:32:20.601');
INSERT INTO approle_appgroup (approle_code, appgroup_id, rowidentifier, rowversion, change_action, change_user, change_time) VALUES ('PrintMap', 'gis-group-id', 'd955613c-2ee5-11e6-8ddc-cb09ccd417c4', 1, 'i', 'db:postgres', '2016-06-10 10:32:20.601');
INSERT INTO approle_appgroup (approle_code, appgroup_id, rowidentifier, rowversion, change_action, change_user, change_time) VALUES ('ReportGender', 'gis-group-id', 'd955613c-2ee5-11e6-8333-87080b80a4f9', 1, 'i', 'db:postgres', '2016-06-10 10:32:20.601');
INSERT INTO approle_appgroup (approle_code, appgroup_id, rowidentifier, rowversion, change_action, change_user, change_time) VALUES ('ReportGenerate', 'gis-group-id', 'd956e7dc-2ee5-11e6-a048-4fe10b5601f1', 1, 'i', 'db:postgres', '2016-06-10 10:32:20.601');
INSERT INTO approle_appgroup (approle_code, appgroup_id, rowidentifier, rowversion, change_action, change_user, change_time) VALUES ('serviceEnquiry', 'gis-group-id', 'd956e7dc-2ee5-11e6-a508-e39bfcf1159b', 1, 'i', 'db:postgres', '2016-06-10 10:32:20.601');
INSERT INTO approle_appgroup (approle_code, appgroup_id, rowidentifier, rowversion, change_action, change_user, change_time) VALUES ('SourcePrint', 'gis-group-id', 'd956e7dc-2ee5-11e6-a971-e7b7e94b1b3f', 1, 'i', 'db:postgres', '2016-06-10 10:32:20.601');
INSERT INTO approle_appgroup (approle_code, appgroup_id, rowidentifier, rowversion, change_action, change_user, change_time) VALUES ('SourceSearch', 'gis-group-id', 'd956e7dc-2ee5-11e6-8bca-eb137e42a6ed', 1, 'i', 'db:postgres', '2016-06-10 10:32:20.601');
INSERT INTO approle_appgroup (approle_code, appgroup_id, rowidentifier, rowversion, change_action, change_user, change_time) VALUES ('surveyPlanCopy', 'gis-group-id', 'd956e7dc-2ee5-11e6-88f3-f3dc730ded30', 1, 'i', 'db:postgres', '2016-06-10 10:32:20.601');
INSERT INTO approle_appgroup (approle_code, appgroup_id, rowidentifier, rowversion, change_action, change_user, change_time) VALUES ('titleSearch', 'gis-group-id', 'd956e7dc-2ee5-11e6-93be-4bdd26ab8823', 1, 'i', 'db:postgres', '2016-06-10 10:32:20.601');
INSERT INTO approle_appgroup (approle_code, appgroup_id, rowidentifier, rowversion, change_action, change_user, change_time) VALUES ('ViewMap', 'gis-group-id', 'd9586e7c-2ee5-11e6-8efb-2fa221192268', 1, 'i', 'db:postgres', '2016-06-10 10:32:20.601');
INSERT INTO approle_appgroup (approle_code, appgroup_id, rowidentifier, rowversion, change_action, change_user, change_time) VALUES ('ApplnAssignSelf', 'clearance-group-id', 'd9586e7c-2ee5-11e6-9136-83fff0369c41', 1, 'i', 'db:postgres', '2016-06-10 10:32:20.601');
INSERT INTO approle_appgroup (approle_code, appgroup_id, rowidentifier, rowversion, change_action, change_user, change_time) VALUES ('ApplnEdit', 'clearance-group-id', 'd9586e7c-2ee5-11e6-9cc2-f70de9bc96e2', 1, 'i', 'db:postgres', '2016-06-10 10:32:20.601');
INSERT INTO approle_appgroup (approle_code, appgroup_id, rowidentifier, rowversion, change_action, change_user, change_time) VALUES ('ApplnStatus', 'clearance-group-id', 'd9586e7c-2ee5-11e6-9bf9-5f1698dba5c0', 1, 'i', 'db:postgres', '2016-06-10 10:32:20.601');
INSERT INTO approle_appgroup (approle_code, appgroup_id, rowidentifier, rowversion, change_action, change_user, change_time) VALUES ('ApplnUnassignSelf', 'clearance-group-id', 'd9586e7c-2ee5-11e6-aee1-fb8b26ad71fc', 1, 'i', 'db:postgres', '2016-06-10 10:32:20.601');
INSERT INTO approle_appgroup (approle_code, appgroup_id, rowidentifier, rowversion, change_action, change_user, change_time) VALUES ('ApplnValidate', 'clearance-group-id', 'd9586e7c-2ee5-11e6-9cd4-4b5dc86052b2', 1, 'i', 'db:postgres', '2016-06-10 10:32:20.601');
INSERT INTO approle_appgroup (approle_code, appgroup_id, rowidentifier, rowversion, change_action, change_user, change_time) VALUES ('ApplnView', 'clearance-group-id', 'd9586e7c-2ee5-11e6-b191-bf0c1458d963', 1, 'i', 'db:postgres', '2016-06-10 10:32:20.601');
INSERT INTO approle_appgroup (approle_code, appgroup_id, rowidentifier, rowversion, change_action, change_user, change_time) VALUES ('ChangePassword', 'clearance-group-id', 'd9586e7c-2ee5-11e6-8eb8-1f3584beea1d', 1, 'i', 'db:postgres', '2016-06-10 10:32:20.601');
INSERT INTO approle_appgroup (approle_code, appgroup_id, rowidentifier, rowversion, change_action, change_user, change_time) VALUES ('DashbrdViewAssign', 'clearance-group-id', 'd959f51c-2ee5-11e6-ab06-077c0c8230ea', 1, 'i', 'db:postgres', '2016-06-10 10:32:20.601');
INSERT INTO approle_appgroup (approle_code, appgroup_id, rowidentifier, rowversion, change_action, change_user, change_time) VALUES ('DashbrdViewUnassign', 'clearance-group-id', 'd959f51c-2ee5-11e6-8026-3f8c55c559a7', 1, 'i', 'db:postgres', '2016-06-10 10:32:20.601');
INSERT INTO approle_appgroup (approle_code, appgroup_id, rowidentifier, rowversion, change_action, change_user, change_time) VALUES ('documentCopy', 'clearance-group-id', 'd959f51c-2ee5-11e6-bb44-b3231d5bd0f6', 1, 'i', 'db:postgres', '2016-06-10 10:32:20.601');
INSERT INTO approle_appgroup (approle_code, appgroup_id, rowidentifier, rowversion, change_action, change_user, change_time) VALUES ('ManageSecurity', 'clearance-group-id', 'd959f51c-2ee5-11e6-8bbf-6b64fb283d89', 1, 'i', 'db:postgres', '2016-06-10 10:32:20.601');
INSERT INTO approle_appgroup (approle_code, appgroup_id, rowidentifier, rowversion, change_action, change_user, change_time) VALUES ('ManageSettings', 'clearance-group-id', 'd959f51c-2ee5-11e6-948e-f7e7c7b3f078', 1, 'i', 'db:postgres', '2016-06-10 10:32:20.601');
INSERT INTO approle_appgroup (approle_code, appgroup_id, rowidentifier, rowversion, change_action, change_user, change_time) VALUES ('NoPasswordExpiry', 'clearance-group-id', 'd959f51c-2ee5-11e6-90e3-6ffee154c6b0', 1, 'i', 'db:postgres', '2016-06-10 10:32:20.601');
INSERT INTO approle_appgroup (approle_code, appgroup_id, rowidentifier, rowversion, change_action, change_user, change_time) VALUES ('serviceEnquiry', 'clearance-group-id', 'd959f51c-2ee5-11e6-a52b-c7a062979d54', 1, 'i', 'db:postgres', '2016-06-10 10:32:20.601');
INSERT INTO approle_appgroup (approle_code, appgroup_id, rowidentifier, rowversion, change_action, change_user, change_time) VALUES ('SourceSearch', 'clearance-group-id', 'd959f51c-2ee5-11e6-b54a-ab7a3eac485d', 1, 'i', 'db:postgres', '2016-06-10 10:32:20.601');
INSERT INTO approle_appgroup (approle_code, appgroup_id, rowidentifier, rowversion, change_action, change_user, change_time) VALUES ('CompleteService', 'clearance-group-id', 'd959f51c-2ee5-11e6-ac6d-1356838f5ba4', 1, 'i', 'db:postgres', '2016-06-10 10:32:20.601');
INSERT INTO approle_appgroup (approle_code, appgroup_id, rowidentifier, rowversion, change_action, change_user, change_time) VALUES ('RevertService', 'clearance-group-id', 'd95b7bbc-2ee5-11e6-be40-b3bbf309ca22', 1, 'i', 'db:postgres', '2016-06-10 10:32:20.601');


ALTER TABLE approle_appgroup ENABLE TRIGGER ALL;

--
-- Data for Name: appuser; Type: TABLE DATA; Schema: system; Owner: postgres
--

ALTER TABLE appuser DISABLE TRIGGER ALL;

INSERT INTO appuser (id, username, first_name, last_name, email, mobile_number, activation_code, passwd, active, description, rowidentifier, rowversion, change_action, change_user, change_time, activation_expiration) VALUES ('test-id', 'test', 'Test', 'The BOSS', 'test@simple.com', NULL, NULL, '9f86d081884c7d659a2feaa0c55ad015a3bf4f1b2b0b822cd15d6c15b0f00a08', true, NULL, 'be17a2c6-99dd-11e3-ba2b-af4cac70daca', 1, 'i', 'test', '2014-02-20 16:19:00.722', NULL);
INSERT INTO appuser (id, username, first_name, last_name, email, mobile_number, activation_code, passwd, active, description, rowidentifier, rowversion, change_action, change_user, change_time, activation_expiration) VALUES ('e21f7c3d-bb02-4a15-94f3-d076861bf343', 'demo', 'demo', 'demo', 'demo@demo.com', '2222222', '12345', '2a97516c354b68848cdbd8f54a226a0a55b21ed138e207ad6c5cbb9c00aa5aea', true, '', '07cbee47-f0ae-46f1-bb72-199abfbf41b3', 15, 'u', 'ANONYMOUS', '2014-09-21 17:36:36.559', NULL);
INSERT INTO appuser (id, username, first_name, last_name, email, mobile_number, activation_code, passwd, active, description, rowidentifier, rowversion, change_action, change_user, change_time, activation_expiration) VALUES ('9e7bb800-cc11-4174-a35d-2aac04f5d6dc', 'new', 'new', 'new', NULL, NULL, NULL, '11507a0e2f5e69d5dfa40a62a1bd7b6ee57e6bcd85c67c9b8431b36fff21c437', true, NULL, '8f883f01-bca4-40e3-b741-2ccf44ec7aec', 2, 'u', 'test', '2015-02-12 11:48:36.52', NULL);
INSERT INTO appuser (id, username, first_name, last_name, email, mobile_number, activation_code, passwd, active, description, rowidentifier, rowversion, change_action, change_user, change_time, activation_expiration) VALUES ('6843b8e6-0738-4a89-a0cc-fa03d385184e', 'user', 'User', 'Test', 'test@sola22.org', '32423423', NULL, '1b4f0e9851971998e732078544c96b36c3d01cedf7caa332359d6f1d83567014', false, NULL, '6f8c6293-fe64-4387-9f12-17ad7e41ef78', 6, 'u', 'test', '2015-02-27 16:26:51.642', NULL);
INSERT INTO appuser (id, username, first_name, last_name, email, mobile_number, activation_code, passwd, active, description, rowidentifier, rowversion, change_action, change_user, change_time, activation_expiration) VALUES ('020bf9c9-2fd9-4014-aa65-09463b3c9e56', 'user2', 'User2', 'Test2', 'test2@user2.org', '434-5453', NULL, '6025d18fe48abd45168528f18a82e265dd98d421a7084aa09f61b341703901a3', true, NULL, 'ec40c46b-f89a-46cf-91cd-8d177cdac74f', 4, 'u', 'test', '2015-02-27 16:27:14.329', NULL);


ALTER TABLE appuser ENABLE TRIGGER ALL;

--
-- Data for Name: appuser_appgroup; Type: TABLE DATA; Schema: system; Owner: postgres
--

ALTER TABLE appuser_appgroup DISABLE TRIGGER ALL;

INSERT INTO appuser_appgroup (appuser_id, appgroup_id, rowidentifier, rowversion, change_action, change_user, change_time) VALUES ('test-id', 'super-group-id', 'be56cf8c-99dd-11e3-ac27-0343410f6672', 1, 'i', 'db:postgres', '2014-02-20 16:19:01.139');
INSERT INTO appuser_appgroup (appuser_id, appgroup_id, rowidentifier, rowversion, change_action, change_user, change_time) VALUES ('6843b8e6-0738-4a89-a0cc-fa03d385184e', 'ff94bfad-7079-41ea-bf4b-6962e36cad1f', 'eda84249-a431-4a47-9807-a74b8ec30df7', 1, 'i', 'test', '2015-02-27 15:33:00.741');
INSERT INTO appuser_appgroup (appuser_id, appgroup_id, rowidentifier, rowversion, change_action, change_user, change_time) VALUES ('020bf9c9-2fd9-4014-aa65-09463b3c9e56', 'ff94bfad-7079-41ea-bf4b-6962e36cad1f', '4b756401-3ccb-48e8-9993-633a9dcb6073', 1, 'i', 'test', '2015-02-27 16:27:02.988');


ALTER TABLE appuser_appgroup ENABLE TRIGGER ALL;

--
-- Data for Name: appuser_setting; Type: TABLE DATA; Schema: system; Owner: postgres
--

ALTER TABLE appuser_setting DISABLE TRIGGER ALL;



ALTER TABLE appuser_setting ENABLE TRIGGER ALL;

--
-- PostgreSQL database dump complete
--

